Date,Price,Open,High,Low,Vol.,Change %
2020-08-07,190.65,191.45,192.1,189.55,44.82M,-0.16%
2020-08-06,190.95,192.3,194.5,190.25,59.74M,-0.26%
2020-08-05,191.45,192.75,196.85,191,68.89M,-0.08%
2020-08-04,191.6,193.35,193.8,190.5,43.87M,-0.34%
2020-08-03,192.25,192,194.6,190.05,72.46M,0.42%
2020-07-31,191.45,188,194.85,186.7,145.90M,2.63%
2020-07-30,186.55,192.5,193.5,186.05,48.48M,-2.43%
2020-07-29,191.2,187.6,195.25,187,73.77M,0.92%
2020-07-28,189.45,188,190.5,185.75,51.49M,1.23%
2020-07-27,187.15,193,193.2,186.5,50.71M,-2.50%
2020-07-24,191.95,195.7,196.3,190.65,65.27M,-3.18%
2020-07-23,198.25,192.4,199.1,191.15,70.80M,3.26%
2020-07-22,192,195.7,196.75,190.1,62.28M,-1.23%
2020-07-21,194.4,192.45,196.2,191.5,59.29M,1.91%
2020-07-20,190.75,190,193.25,188.75,45.68M,1.35%
2020-07-17,188.2,186.8,189.5,185,47.04M,1.05%
2020-07-16,186.25,185,186.95,181.65,46.55M,1.33%
2020-07-15,183.8,187.95,189.95,183,58.53M,-1.21%
2020-07-14,186.05,192.3,192.3,184.6,62.24M,-3.45%
2020-07-13,192.7,198.8,199.8,191.6,61.95M,-1.48%
2020-07-10,195.6,198,202.5,194.8,111.41M,-1.76%
2020-07-09,199.1,192.8,201,192.55,89.54M,3.75%
2020-07-08,191.9,188.9,197.45,188.4,143.08M,1.75%
2020-07-07,188.6,187,189.2,184.05,55.12M,0.29%
2020-07-06,188.05,186.6,189.85,186.15,43.79M,1.81%
2020-07-03,184.7,186.65,186.85,183.4,38.05M,-0.40%
2020-07-02,185.45,185.65,188,184,52.13M,0.35%
2020-07-01,184.8,179.45,185.4,178.6,54.02M,3.56%
2020-06-30,178.45,181.1,182.9,177.25,43.62M,-0.45%
2020-06-29,179.25,183,183.1,178.5,50.97M,-2.90%
2020-06-26,184.6,188,188.6,183.8,49.18M,-0.35%
2020-06-25,185.25,182.2,186.8,180.4,73.63M,0.35%
2020-06-24,184.6,194.8,194.9,183.9,74.67M,-4.08%
2020-06-23,192.45,189.6,193.1,187.85,65.49M,2.53%
2020-06-22,187.7,185,191.75,184.25,80.02M,1.73%
2020-06-19,184.5,180.3,184.95,179.5,76.90M,2.70%
2020-06-18,179.65,172.4,180.65,171.1,58.26M,3.87%
2020-06-17,172.95,171,176.2,169.25,73.87M,0.03%
2020-06-16,172.9,178,178.95,169.4,63.93M,-0.46%
2020-06-15,173.7,177.85,177.85,172,63.62M,-3.04%
2020-06-12,179.15,170,180,169.8,92.76M,1.13%
2020-06-11,177.15,188,190.4,176.35,91.73M,-5.62%
2020-06-10,187.7,184.55,189,183.8,67.34M,1.76%
2020-06-09,184.45,187.7,191,183.35,96.66M,-1.26%
2020-06-08,186.8,197,197.5,185.8,151.75M,-0.53%
2020-06-05,187.8,176.55,189.8,176,201.33M,7.90%
2020-06-04,174.05,174.9,177.65,171.5,83.50M,-0.49%
2020-06-03,174.9,172.5,179.9,172,113.17M,2.73%
2020-06-02,170.25,169.9,171.3,167.2,70.42M,0.12%
2020-06-01,170.05,164,171.4,163.35,92.74M,5.42%
2020-05-29,161.3,156.1,161.9,155.2,58.37M,1.96%
2020-05-28,158.2,159.45,162.4,156.7,76.97M,-0.25%
2020-05-27,158.6,151.95,160.8,150.8,88.21M,4.76%
2020-05-26,151.4,152.4,153.2,150.2,48.28M,0.36%
2020-05-22,150.85,152,155.6,149.45,87.07M,-0.72%
2020-05-21,151.95,153.65,156.15,151.5,61.15M,-0.95%
2020-05-20,153.4,153,155.25,151.15,66.18M,0.39%
2020-05-19,152.8,157.5,157.85,152.4,71.52M,-1.61%
2020-05-18,155.3,166.4,166.4,155,77.35M,-6.67%
2020-05-15,166.4,167.95,168.25,164.7,35.50M,-0.92%
2020-05-14,167.95,170.95,171.75,167.5,48.14M,-3.53%
2020-05-13,174.1,178.55,178.55,170.5,81.72M,4.31%
2020-05-12,166.9,164.2,168.5,160.85,70.75M,0.88%
2020-05-11,165.45,167.95,168.9,165,54.59M,-0.72%
2020-05-08,166.65,172.45,173.8,166.1,55.94M,-2.40%
2020-05-07,170.75,170.85,172.55,168.8,42.94M,-0.20%
2020-05-06,171.1,171.15,173.3,166.55,73.16M,0.41%
2020-05-05,170.4,181,181.25,168.8,91.05M,-4.72%
2020-05-04,178.85,182.45,183.5,178,58.12M,-6.12%
2020-04-30,190.5,193.5,195.9,189.7,63.07M,0.21%
2020-04-29,190.1,185,191.8,183.5,57.47M,3.15%
2020-04-28,184.3,182,185.35,181.2,49.59M,1.88%
2020-04-27,180.9,183.5,183.5,180.5,43.00M,0.64%
2020-04-24,179.75,184,184,179,65.15M,-3.72%
2020-04-23,186.7,187.75,189.9,185.15,50.96M,-1.06%
2020-04-22,188.7,185.5,189.5,181.35,61.50M,2.14%
2020-04-21,184.75,188,188.2,183,53.04M,-4.03%
2020-04-20,192.5,194,197.35,190.05,81.96M,-0.39%
2020-04-17,193.25,196,198,186.3,89.86M,2.52%
2020-04-16,188.5,182,189.9,180.25,61.17M,3.37%
2020-04-15,182.35,187,191.95,180.15,72.19M,-0.63%
2020-04-13,183.5,186.8,188.7,183.1,51.85M,-2.26%
2020-04-09,187.75,188,190,183.6,62.42M,2.60%
2020-04-08,183,182.9,194.4,180.45,80.44M,-1.82%
2020-04-07,186.4,184.4,187.3,177.6,72.13M,6.21%
2020-04-03,175.5,187.55,188.2,175,64.46M,-5.92%
2020-04-01,186.55,194,194.5,185.25,52.95M,-5.23%
2020-03-31,196.85,192,198.5,188.05,59.54M,5.32%
2020-03-30,186.9,190,195,186.25,60.08M,-4.62%
2020-03-27,195.95,202,211.9,195,114.75M,1.66%
2020-03-26,192.75,191.55,201,185.1,107.26M,1.50%
2020-03-25,189.9,178,195.25,176.45,71.57M,3.66%
2020-03-24,183.2,190.95,191.95,173.55,67.49M,0.88%
2020-03-23,181.6,190,199.5,180.25,61.75M,-13.46%
2020-03-20,209.85,205.55,215.7,200,77.39M,3.04%
2020-03-19,203.65,202.95,219.75,198.15,93.54M,-5.37%
2020-03-18,215.2,221,223.15,200.1,101.41M,0.02%
2020-03-17,215.15,227.2,229.9,212.05,65.41M,-3.67%
2020-03-16,223.35,227.9,231.4,220.6,75.58M,-7.71%
2020-03-13,242,200,248.8,184.65,155.70M,13.83%
2020-03-12,212.6,231.9,231.9,208.6,99.77M,-13.26%
2020-03-11,245.1,253,258.5,243.1,90.85M,-3.29%
2020-03-09,253.45,260.05,262.75,251.15,101.29M,-6.30%
2020-03-06,270.5,268,274.4,253.95,106.04M,-6.24%
2020-03-05,288.5,290.9,298.4,270,149.25M,1.12%
2020-03-04,285.3,291.8,293,275.1,73.68M,-1.57%
2020-03-03,289.85,293,294.4,285.3,61.95M,0.85%
2020-03-02,287.4,311,312,284.05,66.71M,-5.15%
2020-02-28,303,312,314.65,301.1,59.71M,-5.89%
2020-02-27,321.95,328,330,318,47.01M,-1.90%
2020-02-26,328.2,324.85,330.8,324.2,43.92M,0.43%
2020-02-25,326.8,325.9,328.15,322.2,39.05M,1.19%
2020-02-24,322.95,325.75,331.3,321.85,45.27M,-1.43%
2020-02-20,327.65,319.35,329.2,318.75,40.15M,2.28%
2020-02-19,320.35,322.3,324,317.25,39.85M,0.88%
2020-02-18,317.55,315.4,319.2,309.4,38.59M,1.07%
2020-02-17,314.2,320.95,321.15,311.65,36.95M,-1.63%
2020-02-14,319.4,328.1,331.9,318.55,48.21M,-2.46%
2020-02-13,327.45,322,330.95,322,62.52M,2.26%
2020-02-12,320.2,329.9,329.9,319.25,38.93M,-1.28%
2020-02-11,324.35,321.05,325.8,321.05,30.19M,1.84%
2020-02-10,318.5,319.8,322.8,316.5,24.82M,-0.64%
2020-02-07,320.55,321.5,325,318.4,37.13M,-0.43%
2020-02-06,321.95,311.2,323.5,310.1,57.76M,3.52%
2020-02-05,311,306.9,313.65,304.6,35.01M,1.55%
2020-02-04,306.25,302.9,307.55,297.1,51.14M,2.73%
2020-02-03,298.1,303,306.85,295.35,56.06M,-1.49%
2020-02-01,302.6,317.3,322.55,296.6,61.84M,-4.98%
2020-01-31,318.45,313.7,321.7,308.6,92.66M,2.49%
2020-01-30,310.7,316.75,316.75,305.65,35.80M,-1.82%
2020-01-29,316.45,317.85,319.7,315.55,23.91M,0.43%
2020-01-28,315.1,317.95,320,311.05,26.49M,-0.35%
2020-01-27,316.2,320.9,322,315.8,23.31M,-2.42%
2020-01-24,324.05,323.5,327.3,321.15,22.71M,0.26%
2020-01-23,323.2,316,324.8,314.15,33.29M,2.23%
2020-01-22,316.15,317,317,313.7,24.99M,0.78%
2020-01-21,313.7,313.8,316.95,312,30.59M,-0.10%
2020-01-20,314,321,321.45,313.4,30.68M,-1.26%
2020-01-17,318,313,323.5,310.1,58.40M,-1.64%
2020-01-16,323.3,324,326.9,322.35,26.65M,-0.29%
2020-01-15,324.25,329,329.2,322.35,32.63M,-1.14%
2020-01-14,328,329.8,331.7,326.5,26.30M,-0.83%
2020-01-13,330.75,334,335.45,329.05,23.62M,-0.45%
2020-01-10,332.25,331,337.95,328.1,42.38M,0.62%
2020-01-09,330.2,326.9,331.4,325,40.35M,3.25%
2020-01-08,319.8,312.1,321.5,311,44.53M,0.44%
2020-01-07,318.4,324.45,327,315.4,50.97M,-0.19%
2020-01-06,319,331.7,331.7,317.7,35.65M,-4.41%
2020-01-03,333.7,337.95,337.95,332,21.85M,-1.65%
2020-01-02,339.3,334.5,339.85,333.35,20.32M,1.45%
2020-01-01,334.45,334.7,335.95,332.15,17.38M,0.21%
2019-12-31,333.75,334.4,336.35,332.55,23.80M,-0.19%
2019-12-30,334.4,337.75,337.85,332.5,22.78M,-0.85%
2019-12-27,337.25,333.4,338.35,333,33.48M,2.24%
2019-12-26,329.85,333,333.45,328.1,24.62M,-0.48%
2019-12-24,331.45,333.2,334.2,329.2,21.75M,-0.29%
2019-12-23,332.4,335.7,338.85,330.35,30.15M,-1.61%
2019-12-20,337.85,330.35,339.5,330.35,51.84M,2.96%
2019-12-19,328.15,327.35,329.6,324.5,27.52M,0.37%
2019-12-18,326.95,335,335.55,325.8,26.45M,-1.79%
2019-12-17,332.9,333.25,335.75,330.65,26.73M,0.32%
2019-12-16,331.85,335.95,337.25,330.8,35.03M,-0.21%
2019-12-13,332.55,325.2,333.45,325,40.96M,3.32%
2019-12-12,321.85,314,322.95,313.55,37.80M,2.89%
2019-12-11,312.8,311.2,315.75,308,52.56M,-0.19%
2019-12-10,313.4,317.2,322.65,312.25,52.16M,-1.04%
2019-12-09,316.7,318.95,327.65,314.75,52.44M,-1.03%
2019-12-06,320,336.7,337.65,318,47.03M,-4.82%
2019-12-05,336.2,343,344.6,335.15,30.43M,-1.65%
2019-12-04,341.85,334.1,342.95,331.85,26.79M,1.67%
2019-12-03,336.25,341,342.95,333.35,26.48M,-0.66%
2019-12-02,338.5,343.9,344.35,336.2,20.65M,-0.98%
2019-11-29,341.85,348.85,348.85,340.6,23.08M,-2.13%
2019-11-28,349.3,346.85,351,344.5,42.54M,1.67%
2019-11-27,343.55,335.95,345.55,334.05,33.97M,2.40%
2019-11-26,335.5,338,340,332.6,36.46M,-0.18%
2019-11-25,336.1,329,337.5,328.35,27.56M,2.06%
2019-11-22,329.3,331.45,333.8,328.25,28.98M,-0.62%
2019-11-21,331.35,329.25,332.85,326.55,34.12M,0.78%
2019-11-20,328.8,332,332.5,325.1,29.97M,-0.48%
2019-11-19,330.4,325.8,331.8,322.1,41.37M,1.63%
2019-11-18,325.1,324,329.85,323.75,39.01M,0.99%
2019-11-15,321.9,312,323.7,310.05,95.20M,5.20%
2019-11-14,306,306.95,309.5,299.7,43.62M,-0.26%
2019-11-13,306.8,316.05,318.6,305.65,32.68M,-3.60%
2019-11-11,318.25,314.7,319.65,313.1,20.49M,0.71%
2019-11-08,316,316.2,321,314.5,25.42M,-0.68%
2019-11-07,318.15,318.25,323.3,316.8,33.93M,0.19%
2019-11-06,317.55,318.95,318.95,314,32.16M,-0.52%
2019-11-05,319.2,313.9,322,312.8,50.08M,1.56%
2019-11-04,314.3,316,319,312.35,31.54M,0.24%
2019-11-01,313.55,312.4,315,308.6,44.89M,0.37%
2019-10-31,312.4,293.35,317.8,292.75,128.45M,7.76%
2019-10-30,289.9,283,291,279.25,51.47M,3.30%
2019-10-29,280.65,283.15,285,278.55,51.03M,-0.41%
2019-10-27,281.8,281.8,281.8,281.8,-,0.09%
2019-10-25,281.55,265.8,284.15,263.55,105.52M,7.26%
2019-10-24,262.5,276,277.65,248.65,63.94M,-4.70%
2019-10-23,275.45,270.75,277.8,268.65,31.79M,1.83%
2019-10-22,270.5,270.4,275,268.5,27.57M,0.32%
2019-10-18,269.65,264.4,271.35,263.2,33.20M,1.58%
2019-10-17,265.45,256.4,266,255.6,37.06M,3.67%
2019-10-16,256.05,259.3,261.95,255,30.89M,-0.93%
2019-10-15,258.45,256.45,259.9,254.8,23.45M,1.17%
2019-10-14,255.45,256.95,259.4,254,28.27M,0.35%
2019-10-11,254.55,256.2,261.4,251.5,43.27M,0.16%
2019-10-10,254.15,258,258,252.6,37.58M,-2.61%
2019-10-09,260.95,250.1,262,244.35,60.33M,4.76%
2019-10-07,249.1,251.5,253.4,246.85,39.16M,-0.34%
2019-10-04,249.95,258.5,260.5,248.55,60.03M,-1.65%
2019-10-03,254.15,254,260.7,250.1,56.21M,-0.70%
2019-10-01,255.95,272.75,275.5,245.55,79.35M,-5.48%
2019-09-30,270.8,281.4,281.85,270.15,41.09M,-3.70%
2019-09-27,281.2,282.7,286.05,280,37.85M,-0.23%
2019-09-26,281.85,281.5,289.9,277,79.01M,0.57%
2019-09-25,280.25,297,297.5,278.7,73.06M,-7.39%
2019-09-24,302.6,313.15,315.15,300.8,40.10M,-3.55%
2019-09-23,313.75,307.55,316,300.4,54.18M,3.99%
2019-09-20,301.7,274.5,307.65,268.4,84.48M,10.09%
2019-09-19,274.05,279.95,279.95,273.05,23.39M,-2.26%
2019-09-18,280.4,277.2,282.95,274.4,25.48M,2.35%
2019-09-17,273.95,285,286.45,273,21.53M,-3.78%
2019-09-16,284.7,288.2,290.45,283.8,18.27M,-2.40%
2019-09-13,291.7,285,292.5,282,27.30M,1.62%
2019-09-12,287.05,286.75,288.8,284.15,21.96M,0.63%
2019-09-11,285.25,278.5,285.85,278.5,21.00M,2.61%
2019-09-09,278,273.95,278.7,271,18.62M,1.48%
2019-09-06,273.95,275.05,277,272.1,16.68M,0.24%
2019-09-05,273.3,275,276.35,271.05,25.09M,-0.65%
2019-09-04,275.1,269.7,275.85,267.25,27.31M,2.50%
2019-09-03,268.4,272,272,266.95,21.24M,-1.99%
2019-08-30,273.85,275.95,277.95,266.85,45.70M,-0.24%
2019-08-29,274.5,283.2,284.3,273.3,27.08M,-3.65%
2019-08-28,284.9,286.65,286.65,282.2,18.98M,-0.28%
2019-08-27,285.7,284,288,282.6,45.16M,1.96%
2019-08-26,280.2,288,288,270,64.07M,3.36%
2019-08-23,271.1,267.1,275.25,262.7,35.21M,0.95%
2019-08-22,268.55,278.3,278.3,267.3,27.73M,-3.19%
2019-08-21,277.4,285.5,285.6,276.3,28.23M,-2.22%
2019-08-20,283.7,287.3,287.4,280.65,23.20M,-1.10%
2019-08-19,286.85,292,292.4,286,19.83M,-1.39%
2019-08-16,290.9,287.95,292.8,284.3,20.05M,0.40%
2019-08-14,289.75,285.05,291.25,284.5,18.52M,2.26%
2019-08-13,283.35,290.9,291.55,282.5,24.23M,-2.75%
2019-08-09,291.35,296.3,298,290.05,23.38M,-1.02%
2019-08-08,294.35,290,295.5,285.6,32.93M,1.54%
2019-08-07,289.9,302.4,302.45,288.8,30.82M,-3.82%
2019-08-06,301.4,298.8,304.25,297.25,30.44M,0.38%
2019-08-05,300.25,298.45,302.85,291.7,48.82M,-2.66%
2019-08-02,308.45,315.55,322.25,307.05,64.47M,-2.74%
2019-08-01,317.15,330.8,331.5,311.35,40.85M,-4.53%
2019-07-31,332.2,325.1,333.2,323.9,22.74M,1.42%
2019-07-30,327.55,344.4,346.7,325.85,24.44M,-4.73%
2019-07-29,343.8,343.95,346.55,336.8,17.06M,0.35%
2019-07-26,342.6,340.8,346.15,340.5,16.14M,0.38%
2019-07-25,341.3,341.7,343.2,337.4,19.86M,0.50%
2019-07-24,339.6,341.85,344.7,336.25,20.82M,-0.76%
2019-07-23,342.2,351.2,353,341,27.96M,-2.47%
2019-07-22,350.85,356,359.55,348.7,19.68M,-1.45%
2019-07-19,356,365.1,366.05,355.15,22.21M,-2.10%
2019-07-18,363.65,371.95,373.8,362.55,21.69M,-2.35%
2019-07-17,372.4,364.05,373.55,363.05,17.55M,2.21%
2019-07-16,364.35,358.5,366,357.65,16.25M,1.19%
2019-07-15,360.05,364.1,365,357.6,15.67M,-0.98%
2019-07-12,363.6,363,366.55,361.5,14.66M,0.11%
2019-07-11,363.2,358.5,364,357,20.05M,2.54%
2019-07-10,354.2,360.55,361.5,351.3,18.68M,-1.47%
2019-07-09,359.5,353.5,360,352.5,16.58M,1.18%
2019-07-08,355.3,368,368.45,353.5,27.25M,-4.14%
2019-07-05,370.65,369.45,373.6,366,30.02M,0.88%
2019-07-04,367.4,367.25,370.9,366.2,19.25M,0.34%
2019-07-03,366.15,365.25,366.7,363,12.63M,0.45%
2019-07-02,364.5,362.15,365,360.35,14.48M,0.82%
2019-07-01,361.55,362.8,363,358.5,12.35M,0.08%
2019-06-28,361.25,362.2,365,358.7,22.71M,-0.25%
2019-06-27,362.15,358.1,363,357.25,29.66M,1.12%
2019-06-26,358.15,355.75,359,354.3,15.84M,0.45%
2019-06-25,356.55,352.7,357,351.25,15.92M,0.95%
2019-06-24,353.2,350,354.75,349.65,17.92M,1.09%
2019-06-21,349.4,344.8,350.7,343.15,24.75M,1.23%
2019-06-20,345.15,341,346.25,335.6,20.63M,1.86%
2019-06-19,338.85,343.1,345.2,335.5,16.42M,-0.35%
2019-06-18,340.05,335.5,344,333.8,21.96M,0.65%
2019-06-17,337.85,343.75,343.75,336.95,13.78M,-1.73%
2019-06-14,343.8,345.5,346.35,342.55,10.35M,-0.78%
2019-06-13,346.5,343,347.45,339.8,15.51M,0.73%
2019-06-12,344,346.95,346.95,342.3,11.57M,-0.89%
2019-06-11,347.1,345.05,348.3,342.85,16.28M,0.81%
2019-06-10,344.3,346,347.3,340.15,20.50M,0.66%
2019-06-07,342.05,337,342.75,336,29.74M,1.53%
2019-06-06,336.9,349,349.6,335.9,41.94M,-4.40%
2019-06-04,352.4,354,357.2,351.4,18.13M,-0.86%
2019-06-03,355.45,352.35,356.45,349.65,18.38M,0.84%
2019-05-31,352.5,354.35,357.9,344.65,32.59M,-0.30%
2019-05-30,353.55,349.75,355,347.5,25.71M,1.41%
2019-05-29,348.65,358,359,347.15,28.37M,-3.17%
2019-05-28,360.05,360.95,361.7,356.65,23.50M,-0.46%
2019-05-27,361.7,355.05,362.5,354,31.38M,1.79%
2019-05-24,355.35,344.95,357,343.5,35.70M,3.84%
2019-05-23,342.2,353,364,339.2,74.41M,0.32%
2019-05-22,341.1,338.9,342.6,333.55,32.00M,1.05%
2019-05-21,337.55,345.9,347.55,336.25,33.46M,-2.07%
2019-05-20,344.7,332,345.8,331,53.21M,7.97%
2019-05-17,319.25,315.65,321.95,313.45,25.84M,1.11%
2019-05-16,315.75,312.5,317.1,309.55,18.15M,1.17%
2019-05-15,312.1,316.2,317.9,311,27.93M,-0.81%
2019-05-14,314.65,307.85,316.75,305.1,30.52M,2.53%
2019-05-13,306.9,310,314.2,305.3,40.10M,-0.37%
2019-05-10,308.05,301.8,310.75,292.45,60.74M,2.92%
2019-05-09,299.3,297.6,301,296.1,12.65M,0.35%
2019-05-08,298.25,303.95,305.3,296.75,22.10M,-2.36%
2019-05-07,305.45,310.7,313.4,303.75,15.22M,-1.07%
2019-05-06,308.75,306.8,310.3,305.9,10.64M,-0.40%
2019-05-03,310,309,311.8,308.8,12.45M,0.60%
2019-05-02,308.15,308.05,311.4,305.65,16.64M,-0.58%
2019-04-30,309.95,312,312,305,18.18M,-0.82%
2019-04-26,312.5,306.9,313.5,306.6,14.99M,2.06%
2019-04-25,306.2,311,312,305.4,30.84M,-1.46%
2019-04-24,310.75,305.85,311.95,303.6,15.23M,1.80%
2019-04-23,305.25,310.05,313.75,304.6,17.32M,-1.55%
2019-04-22,310.05,308.8,312.3,306.35,15.67M,-0.24%
2019-04-18,310.8,315.8,315.8,308.05,15.69M,-1.57%
2019-04-16,315.75,316.6,319.4,314.7,14.94M,0.05%
2019-04-15,315.6,315.5,318.7,313.75,13.86M,0.11%
2019-04-12,315.25,314.6,316.4,311.2,14.75M,0.11%
2019-04-11,314.9,311,315.4,308.7,14.90M,1.29%
2019-04-10,310.9,314.85,317.05,310,19.24M,-1.22%
2019-04-09,314.75,313.95,315.7,308.1,25.56M,0.62%
2019-04-08,312.8,318.25,319.25,311.1,17.39M,-1.34%
2019-04-05,317.05,323.7,323.7,315,23.12M,-1.48%
2019-04-04,321.8,321.5,325.75,318.3,27.83M,0.41%
2019-04-03,320.5,331,332.45,319.5,30.55M,-2.58%
2019-04-02,329,323.65,331,322.1,27.90M,1.94%
2019-04-01,322.75,321.8,327.65,321.05,22.37M,0.62%
2019-03-29,320.75,321.1,323,316.25,30.39M,0.55%
2019-03-28,319,310.1,339.65,309.05,63.24M,3.30%
2019-03-27,308.8,305.25,310.85,304.35,35.96M,1.75%
2019-03-26,303.5,294.75,305,294.75,18.30M,3.23%
2019-03-25,294,294,295.45,292.2,16.90M,-1.36%
2019-03-22,298.05,304.3,306.4,296.95,17.87M,-1.89%
2019-03-20,303.8,302.8,304.65,300.05,18.82M,0.25%
2019-03-19,303.05,300.15,306.6,299.15,27.22M,1.37%
2019-03-18,298.95,298.9,300.9,294.65,23.78M,0.18%
2019-03-15,298.4,292.6,301.3,292.5,37.93M,2.23%
2019-03-14,291.9,294.5,294.7,290.75,16.16M,-0.43%
2019-03-13,293.15,288.1,294.4,284.7,23.73M,2.18%
2019-03-12,286.9,289.2,289.9,285.75,20.83M,-0.16%
2019-03-11,287.35,285.3,289,283.5,22.93M,2.19%
2019-03-08,281.2,281.85,284.25,279.6,19.94M,-0.20%
2019-03-07,281.75,279.45,282.5,277.65,14.90M,1.31%
2019-03-06,278.1,277.3,282.55,276.45,22.16M,0.60%
2019-03-05,276.45,271.7,277.85,271.2,21.53M,1.28%
2019-03-01,272.95,270.55,274.6,270.1,20.02M,1.45%
2019-02-28,269.05,267.7,270.8,267.65,31.64M,0.52%
2019-02-27,267.65,268,272.7,266.55,20.57M,0.49%
2019-02-26,266.35,266.8,268.2,263.25,15.27M,-1.41%
2019-02-25,270.15,271.3,271.4,267.9,20.79M,-0.30%
2019-02-22,270.95,267.9,271.9,267.6,12.54M,1.10%
2019-02-21,268,270.3,271,267.3,13.76M,0.11%
2019-02-20,267.7,264.5,268.3,264.3,15.51M,1.83%
2019-02-19,262.9,260.9,267.5,260.3,19.06M,1.13%
2019-02-18,259.95,264.4,265.5,258.8,14.78M,-1.14%
2019-02-15,262.95,268.85,268.85,261.3,23.37M,-1.55%
2019-02-14,267.1,268,268.35,263.65,26.37M,-0.41%
2019-02-13,268.2,276.5,276.7,266.7,18.66M,-2.61%
2019-02-12,275.4,280.65,282.2,274.65,15.33M,-1.82%
2019-02-11,280.5,285.95,285.95,280,15.42M,-1.92%
2019-02-08,286,285.6,288,282.2,19.78M,-0.49%
2019-02-07,287.4,289.4,294,286.6,19.73M,-0.57%
2019-02-06,289.05,285.85,289.75,283.5,12.15M,1.55%
2019-02-05,284.65,284.2,287,283,13.29M,0.25%
2019-02-04,283.95,282.4,285.2,277.85,20.64M,-0.16%
2019-02-01,284.4,296.9,302.7,282,60.02M,-3.15%
2019-01-31,293.65,290,294.8,288,25.55M,2.16%
2019-01-30,287.45,281.2,289.4,280.25,18.91M,2.44%
2019-01-29,280.6,281,286,276.55,17.44M,-0.36%
2019-01-28,281.6,285.65,286.6,277.3,18.91M,-1.33%
2019-01-25,285.4,289.6,291,283.2,11.12M,-0.92%
2019-01-24,288.05,286.65,289.9,285.5,11.53M,0.49%
2019-01-23,286.65,290.45,292.95,285.5,10.30M,-1.24%
2019-01-22,290.25,293,293,288.2,11.30M,-0.75%
2019-01-21,292.45,295.9,296.75,291.45,10.19M,-0.85%
2019-01-18,294.95,298.75,299.85,294.25,9.08M,-0.82%
2019-01-17,297.4,303.9,304.35,295.6,15.97M,-1.90%
2019-01-16,303.15,303,306.65,302.1,12.11M,0.50%
2019-01-15,301.65,302,303.6,301.1,9.44M,0.42%
2019-01-14,300.4,301,303.6,299.55,10.37M,-0.78%
2019-01-11,302.75,305.4,306.2,300.95,12.70M,-0.92%
2019-01-10,305.55,305.1,307.5,303.5,16.30M,0.08%
2019-01-09,305.3,306,307.1,300.75,21.11M,0.00%
2019-01-08,305.3,295.8,306,294.75,22.95M,3.04%
2019-01-07,296.3,301.05,301.5,295.2,14.58M,-0.45%
2019-01-04,297.65,292.1,299,291.5,19.51M,2.25%
2019-01-03,291.1,295,295.55,290.1,17.55M,-0.95%
2019-01-02,293.9,299.1,302.5,293.1,25.56M,-1.90%
2019-01-01,299.6,297.5,300.7,293.85,11.84M,1.25%
2018-12-31,295.9,297.2,298.25,295.5,9.53M,0.37%
2018-12-28,294.8,293.6,297.1,293.55,12.88M,0.91%
2018-12-27,292.15,296.7,297.6,291.5,15.30M,-0.68%
2018-12-26,294.15,292.85,295,287.15,12.68M,0.38%
2018-12-24,293.05,293.5,295,290.15,12.05M,0.39%
2018-12-21,291.9,293.65,296.5,290.8,15.78M,-0.73%
2018-12-20,294.05,298.35,301.65,293.15,19.22M,-2.21%
2018-12-19,300.7,294.7,302,294.7,26.12M,2.72%
2018-12-18,292.75,287.85,294,287,13.61M,1.12%
2018-12-17,289.5,289.3,291.45,287.3,12.73M,0.10%
2018-12-14,289.2,288.5,290.8,287.05,12.16M,0.07%
2018-12-13,289,290,294,285.75,24.10M,1.31%
2018-12-12,285.25,283.75,285.85,282.2,21.77M,1.42%
2018-12-11,281.25,268.35,283.25,268.35,30.93M,2.57%
2018-12-10,274.2,271,276.4,270.15,11.95M,-0.44%
2018-12-07,275.4,277,277.35,272.1,10.17M,-0.09%
2018-12-06,275.65,278,279.25,275.1,11.08M,-1.61%
2018-12-05,280.15,282.45,283.2,277.05,14.89M,-0.85%
2018-12-04,282.55,287.95,287.95,281.9,11.90M,-1.48%
2018-12-03,286.8,286.7,287.9,283.25,15.77M,0.76%
2018-11-30,284.65,288.8,290.9,283.2,17.58M,-0.61%
2018-11-29,286.4,289.3,289.65,284.25,27.92M,0.65%
2018-11-28,284.55,289.4,292.45,283,19.84M,-1.68%
2018-11-27,289.4,284.6,290.5,284.05,21.24M,1.05%
2018-11-26,286.4,284.1,287.25,279.6,16.85M,1.31%
2018-11-22,282.7,285.95,287.05,281.6,12.07M,-1.52%
2018-11-21,287.05,283.45,289.55,283.05,16.17M,1.27%
2018-11-20,283.45,285.9,288.55,282.5,12.90M,-1.63%
2018-11-19,288.15,293.5,293.5,286.05,13.80M,-0.95%
2018-11-16,290.9,285.9,291.8,282.6,24.81M,1.93%
2018-11-15,285.4,283.85,287.05,281.15,18.45M,0.63%
2018-11-14,283.6,280.4,287.7,278,52.67M,2.00%
2018-11-13,278.05,276.3,279.7,273.35,25.63M,0.04%
2018-11-12,277.95,283.7,283.7,276.85,24.04M,-1.87%
2018-11-09,283.25,287,287.5,282.45,19.20M,-1.15%
2018-11-07,286.55,288.9,288.9,285.95,3.31M,0.03%
2018-11-06,286.45,296.1,298.3,283.9,40.69M,-2.88%
2018-11-05,294.95,286.45,300,283.5,44.62M,3.36%
2018-11-02,285.35,287.9,292.8,283.2,27.76M,-0.19%
2018-11-01,285.9,283,289,278.85,29.14M,1.60%
2018-10-31,281.4,275,282.75,268.6,28.14M,3.02%
2018-10-30,273.15,267.5,279.1,266,33.40M,1.96%
2018-10-29,267.9,250,269.25,248.4,37.77M,7.98%
2018-10-26,248.1,252,252.5,247.4,20.54M,-0.58%
2018-10-25,249.55,254.5,255,248.4,33.07M,-2.41%
2018-10-24,255.7,260.25,261.8,252.8,25.64M,0.02%
2018-10-23,255.65,258,259,255,20.21M,-1.81%
2018-10-22,260.35,266,266,259.45,19.93M,-0.29%
2018-10-19,261.1,259.7,264.2,258.1,28.47M,-0.02%
2018-10-17,261.15,273.75,275,260,21.63M,-3.39%
2018-10-16,270.3,264.6,270.85,263.35,33.60M,2.70%
2018-10-15,263.2,264.4,265.7,261.1,21.97M,-0.21%
2018-10-12,263.75,266,267.9,261.5,42.97M,0.61%
2018-10-11,262.15,268,271.5,260.6,46.29M,-5.92%
2018-10-10,278.65,261.6,280.45,261.2,31.77M,5.97%
2018-10-09,262.95,268,268.15,260,16.01M,-1.05%
2018-10-08,265.75,259.75,268.5,258.35,21.10M,2.86%
2018-10-05,258.35,271,271,256,36.63M,-4.79%
2018-10-04,271.35,267.95,272.7,265.7,17.75M,-0.13%
2018-10-03,271.7,273.35,278.7,270.6,19.71M,-0.79%
2018-10-01,273.85,265.5,275.2,264.1,17.71M,3.15%
2018-09-28,265.5,266.4,273.5,262.5,33.80M,0.06%
2018-09-27,265.35,264.5,268.6,263.75,24.83M,0.57%
2018-09-26,263.85,274,274,262.75,23.95M,-2.60%
2018-09-25,270.9,264,272.95,260.8,28.95M,2.48%
2018-09-24,264.35,272.7,273,262.6,24.63M,-2.31%
2018-09-21,270.6,274.2,279.45,253.4,39.31M,-0.33%
2018-09-19,271.5,275.4,282.85,270.5,40.76M,-0.84%
2018-09-18,273.8,285,286.9,272.4,33.90M,-4.03%
2018-09-17,285.3,288.5,288.5,284.1,16.09M,-1.84%
2018-09-14,290.65,290.1,291.8,288.7,15.15M,1.88%
2018-09-12,285.3,284,286.7,280,22.72M,0.96%
2018-09-11,282.6,287.35,291.45,281.65,28.36M,-0.79%
2018-09-10,284.85,290.65,293.25,283.8,23.35M,-2.33%
2018-09-07,291.65,295.9,295.9,289.45,23.72M,-1.62%
2018-09-06,296.45,298,299.85,294.5,18.00M,-0.03%
2018-09-05,296.55,296.5,298.85,290.4,22.92M,0.05%
2018-09-04,296.4,306.8,307.45,295.45,42.86M,-3.25%
2018-09-03,306.35,312.5,312.5,304.8,14.71M,-1.05%
2018-08-31,309.6,307.9,310.65,304.55,18.10M,0.32%
2018-08-30,308.6,309.3,310.5,306,19.94M,-0.36%
2018-08-29,309.7,306.8,312,305.75,24.32M,1.42%
2018-08-28,305.35,308.05,310.25,303.4,16.89M,-0.86%
2018-08-27,308,304,310.35,303.3,28.11M,2.51%
2018-08-24,300.45,300.6,305.7,299,18.87M,-0.66%
2018-08-23,302.45,306.95,306.95,298.3,22.72M,-1.48%
2018-08-21,307,308.3,308.85,303.35,14.14M,-0.21%
2018-08-20,307.65,304.1,308.7,303.6,20.24M,1.84%
2018-08-17,302.1,295,302.7,294.05,21.93M,3.21%
2018-08-16,292.7,293.5,298.4,290.25,31.08M,-0.75%
2018-08-14,294.9,296.7,298.95,293.35,25.29M,0.25%
2018-08-13,294.15,296,302.8,291.1,58.13M,-3.38%
2018-08-10,304.45,317.65,326.4,300.5,111.51M,-4.08%
2018-08-09,317.4,312.95,319.85,310.15,46.46M,2.82%
2018-08-08,308.7,304.05,310.9,303.05,20.50M,1.53%
2018-08-07,304.05,309.85,311.7,303.05,23.93M,-1.44%
2018-08-06,308.5,300.6,311.35,300.6,31.58M,3.09%
2018-08-03,299.25,294.6,299.95,294.5,18.25M,1.82%
2018-08-02,293.9,293,296.4,290.55,15.67M,-0.41%
2018-08-01,295.1,294.5,298,288.35,33.89M,0.55%
2018-07-31,293.5,297,302.4,291.8,36.51M,-1.31%
2018-07-30,297.4,289.2,299.55,289.2,40.95M,3.71%
2018-07-27,286.75,289.5,297,285.1,32.18M,-0.33%
2018-07-26,287.7,275.1,289.4,274.2,53.50M,5.83%
2018-07-25,271.85,268,272.85,265.65,13.10M,1.87%
2018-07-24,266.85,267.2,269.2,265.55,9.32M,0.19%
2018-07-23,266.35,262,267.5,260.6,17.01M,1.85%
2018-07-20,261.5,259.9,263,258.55,6.12M,0.50%
2018-07-19,260.2,259.4,263.5,256.2,9.96M,0.25%
2018-07-18,259.55,260.1,262.5,256.15,17.64M,0.19%
2018-07-17,259.05,250.7,259.85,250.45,16.07M,2.96%
2018-07-16,251.6,257,257.5,251,8.97M,-2.39%
2018-07-13,257.75,262.1,262.4,256.8,11.98M,-1.90%
2018-07-12,262.75,261.4,264.5,261.15,10.64M,1.41%
2018-07-11,259.1,262.65,262.65,257.9,12.86M,-1.76%
2018-07-10,263.75,263.85,265.75,262.4,11.49M,0.84%
2018-07-09,261.55,258.2,262.4,257.95,13.22M,1.69%
2018-07-06,257.2,256.1,260.8,255.55,16.17M,0.29%
2018-07-05,256.45,257.9,258.7,255.15,11.22M,-0.39%
2018-07-04,257.45,255.75,258.35,254.5,14.21M,-0.02%
2018-07-03,257.5,259.6,260.9,256.4,16.10M,-0.52%
2018-07-02,258.85,258.95,261.75,254,21.90M,-0.19%
2018-06-29,259.35,258.25,263.45,258.2,16.24M,0.91%
2018-06-28,257,260.4,262,255.7,21.35M,-1.80%
2018-06-27,261.7,267.35,267.35,261,16.28M,-2.13%
2018-06-26,267.4,267.25,271.2,265.4,16.87M,-0.39%
2018-06-25,268.45,271.85,273.15,267.2,10.93M,-1.68%
2018-06-22,273.05,269,273.7,265.75,20.78M,1.64%
2018-06-21,268.65,274.75,274.75,268.1,12.95M,-1.70%
2018-06-20,273.3,273.2,274.75,271.1,14.00M,0.26%
2018-06-19,272.6,276,276.7,269.75,20.73M,-1.54%
2018-06-18,276.85,278,279.75,275.45,13.54M,-0.22%
2018-06-15,277.45,282.75,283.45,276.6,16.95M,-1.82%
2018-06-14,282.6,286.55,286.55,281.3,18.51M,-1.77%
2018-06-13,287.7,284,289.65,283.65,26.75M,1.71%
2018-06-12,282.85,274,284.4,274,31.36M,3.23%
2018-06-11,274,273.3,278.4,273.15,18.22M,0.37%
2018-06-08,273,268.95,273.9,267,14.10M,1.24%
2018-06-07,269.65,271.05,272.9,268.4,18.77M,-0.19%
2018-06-06,270.15,263,271.4,262.2,18.32M,2.50%
2018-06-05,263.55,260.9,265.25,260.9,14.10M,0.21%
2018-06-04,263,268,268.35,261.3,12.93M,-1.39%
2018-06-01,266.7,269.25,269.8,264.6,16.57M,-1.06%
2018-05-31,269.55,266.85,274.8,263.15,31.94M,0.90%
2018-05-30,267.15,260.5,268,259.95,19.32M,1.08%
2018-05-29,264.3,270.5,270.95,262.8,16.11M,-2.85%
2018-05-28,272.05,267.4,274.2,266.05,18.96M,1.91%
2018-05-25,266.95,267.8,268.4,262.55,22.32M,-0.58%
2018-05-24,268.5,263.85,269.7,260.65,34.68M,2.01%
2018-05-23,263.2,254.65,269.75,254.3,71.20M,3.66%
2018-05-22,253.9,243.65,259.7,241,68.71M,3.87%
2018-05-21,244.45,243.55,245.75,240.3,18.78M,2.34%
2018-05-18,238.85,243,244,237.85,11.87M,-1.59%
2018-05-17,242.7,244.2,246,241.15,11.72M,-0.16%
2018-05-16,243.1,245.5,248.7,240.6,17.22M,-1.98%
2018-05-15,248,253,257.45,245.9,18.03M,-2.21%
2018-05-14,253.6,249.95,255.8,248.15,18.67M,1.30%
2018-05-11,250.35,247.6,251.6,246.05,11.96M,0.97%
2018-05-10,247.95,248.25,250.2,246.3,13.16M,-0.02%
2018-05-09,248,249.8,249.8,246.3,11.43M,-0.82%
2018-05-08,250.05,248,252.6,244.6,23.29M,1.44%
2018-05-07,246.5,242.45,248.2,242.05,15.12M,1.88%
2018-05-04,241.95,243.5,243.9,240.35,12.78M,0.02%
2018-05-03,241.9,240.95,243.4,238.75,12.94M,0.37%
2018-05-02,241,245.9,246.3,239.75,12.89M,-2.19%
2018-04-30,246.4,244.8,249.7,244.5,17.26M,1.57%
2018-04-27,242.6,233.25,245.8,233.25,31.40M,4.03%
2018-04-26,233.2,238.4,238.8,232.5,24.50M,-1.69%
2018-04-25,237.2,239.7,240.75,236.75,13.12M,-1.41%
2018-04-24,240.6,242,243.4,239.6,9.49M,-0.76%
2018-04-23,242.45,241.9,244.85,239.3,12.11M,0.52%
2018-04-20,241.2,245.85,245.85,239.5,15.55M,-2.01%
2018-04-19,246.15,247.1,248.45,245.2,13.17M,-0.12%
2018-04-18,246.45,249.5,249.9,245.3,16.14M,-0.69%
2018-04-17,248.15,251.4,252.5,246.6,15.92M,-0.34%
2018-04-16,249,249.35,251.3,247.1,16.41M,-0.78%
2018-04-13,250.95,254,255.95,249.7,25.65M,-1.12%
2018-04-12,253.8,257.5,257.5,252.25,18.66M,-1.26%
2018-04-11,257.05,263,263,256.3,14.89M,-2.37%
2018-04-10,263.3,261.1,265,258.5,21.20M,1.02%
2018-04-09,260.65,260.65,262.75,257.6,20.21M,0.37%
2018-04-06,259.7,259.65,261.45,254.85,24.87M,0.15%
2018-04-05,259.3,252.6,261.9,250,22.88M,4.85%
2018-04-04,247.3,251.7,253,245.5,18.82M,-1.28%
2018-04-03,250.5,249.55,252.8,248.25,19.88M,1.77%
2018-04-02,246.15,251.8,252,244.9,14.99M,-1.50%
2018-03-28,249.9,252,256.2,248.7,36.67M,-1.75%
2018-03-27,254.35,250,255.5,248,31.21M,3.18%
2018-03-26,246.5,234.75,247.85,234.25,30.37M,4.98%
2018-03-23,234.8,237.8,239.65,232.35,27.15M,-2.79%
2018-03-22,241.55,247,247.35,240.65,26.83M,-2.60%
2018-03-21,248,251.75,254.3,247.1,19.53M,-0.44%
2018-03-20,249.1,246.85,252.25,245.35,20.56M,0.46%
2018-03-19,247.95,252.9,253.6,246.1,18.17M,-1.72%
2018-03-16,252.3,250.65,255.7,250.1,25.73M,-0.55%
2018-03-15,253.7,257,258.8,252.55,18.34M,-1.30%
2018-03-14,257.05,252.5,257.85,250,25.47M,0.92%
2018-03-13,254.7,251.3,262.4,249.6,37.65M,0.73%
2018-03-12,252.85,254.1,255.25,247.25,25.33M,-0.16%
2018-03-09,253.25,257,257.4,251.65,21.54M,-1.38%
2018-03-08,256.8,247,257.95,244.3,33.13M,4.12%
2018-03-07,246.65,255.05,255.35,246.05,31.26M,-3.86%
2018-03-06,256.55,265.85,266,255,20.78M,-2.64%
2018-03-05,263.5,260.45,265,258.75,18.48M,0.51%
2018-03-01,262.15,266.3,270,261.25,22.86M,-2.18%
2018-02-28,268,264.25,269.7,260.8,26.81M,0.15%
2018-02-27,267.6,273,275.9,265.95,20.82M,-2.50%
2018-02-26,274.45,280,280,273.85,15.31M,-0.58%
2018-02-23,276.05,273.45,277.2,272.5,15.48M,1.27%
2018-02-22,272.6,270.4,273.6,269.45,25.58M,-0.26%
2018-02-21,273.3,272.2,274.1,267.4,23.71M,1.35%
2018-02-20,269.65,269,274.2,264.8,33.46M,0.43%
2018-02-19,268.5,271.5,272,256.65,43.85M,-1.16%
2018-02-16,271.65,280.5,281.2,270.05,30.34M,-2.53%
2018-02-15,278.7,274.8,282.3,274.25,26.06M,0.91%
2018-02-14,276.2,288.7,288.7,275,45.64M,-4.35%
2018-02-12,288.75,288.25,292.4,285.15,50.84M,-2.58%
2018-02-09,296.4,297,300.6,295,15.75M,-1.66%
2018-02-08,301.4,292.9,303.3,292.55,18.93M,2.94%
2018-02-07,292.8,296.6,297.9,290,21.46M,0.36%
2018-02-06,291.75,285,297.3,282.9,30.58M,-2.11%
2018-02-05,298.05,292.65,300.4,290,18.94M,0.24%
2018-02-02,297.35,302.9,305.75,295.5,23.27M,-2.84%
2018-02-01,306.05,316.9,317.4,305,19.52M,-2.30%
2018-01-31,313.25,313,316.6,307.85,16.41M,-0.10%
2018-01-30,313.55,312.05,318.85,311,25.81M,0.46%
2018-01-29,312.1,313.15,316.9,311,23.60M,-0.34%
2018-01-25,313.15,332.75,332.75,311.85,42.47M,-5.08%
2018-01-24,329.9,317.7,331.6,316.2,38.07M,3.71%
2018-01-23,318.1,306.4,320.55,306.35,35.25M,3.78%
2018-01-22,306.5,308.35,308.75,304.05,12.62M,-0.89%
2018-01-19,309.25,303.95,310,302.5,18.46M,1.98%
2018-01-18,303.25,315,317.8,300.5,40.00M,-1.25%
2018-01-17,307.1,296,308.4,292.6,26.28M,3.70%
2018-01-16,296.15,302.4,303.35,295.3,18.04M,-2.13%
2018-01-15,302.6,303.95,305.25,301.55,18.19M,0.12%
2018-01-12,302.25,304.65,304.65,300.55,17.59M,0.02%
2018-01-11,302.2,300.9,303,300,12.30M,0.37%
2018-01-10,301.1,304.65,305.85,300,13.06M,-1.05%
2018-01-09,304.3,307.5,309.5,303.3,15.57M,-0.49%
2018-01-08,305.8,307.2,309.5,305,13.56M,-0.18%
2018-01-05,306.35,311.4,311.4,305.6,14.58M,-0.70%
2018-01-04,308.5,304.5,310.2,303.15,24.52M,1.87%
2018-01-03,302.85,305.3,306.45,302.15,13.86M,-0.13%
2018-01-02,303.25,309,309,301.35,14.80M,-1.25%
2018-01-01,307.1,310.6,312.75,306.3,12.18M,-0.90%
2017-12-29,309.9,310,312,309.05,11.94M,0.49%
2017-12-28,308.4,315.3,316.5,307.65,20.35M,-2.05%
2017-12-27,314.85,316.5,320.3,313.05,14.28M,-0.73%
2017-12-26,317.15,318.6,319.95,316.3,9.33M,-0.84%
2017-12-22,319.85,317.1,323.85,316.5,13.82M,0.98%
2017-12-21,316.75,316.6,318.2,315.4,9.92M,-0.24%
2017-12-20,317.5,319,319,316.5,9.90M,-0.72%
2017-12-19,319.8,319.45,322.25,318.4,14.74M,0.28%
2017-12-18,318.9,308,323.5,300.4,32.12M,2.13%
2017-12-15,312.25,318.4,319.35,311.5,16.05M,-0.56%
2017-12-14,314,314.3,315.4,309.5,13.89M,0.22%
2017-12-13,313.3,316.15,318.95,311.15,17.54M,-1.62%
2017-12-12,318.45,317.75,320.5,314.65,17.66M,0.02%
2017-12-11,318.4,315.95,319.3,315.1,14.01M,1.69%
2017-12-08,313.1,316.6,318.85,312.1,16.42M,-1.04%
2017-12-07,316.4,312.5,317.75,312.45,12.28M,1.28%
2017-12-06,312.4,316.7,317.4,311.5,18.66M,-2.10%
2017-12-05,319.1,312.5,320.7,308.8,15.13M,1.75%
2017-12-04,313.6,314.7,315.95,311.15,13.89M,0.27%
2017-12-01,312.75,321.5,322.3,311.25,16.43M,-2.37%
2017-11-30,320.35,325.8,326.5,318.5,27.28M,-2.60%
2017-11-29,328.9,332.35,334.85,327.2,11.26M,-0.93%
2017-11-28,332,336,336.7,331.2,16.06M,-1.09%
2017-11-27,335.65,329.9,337,328.05,13.11M,0.98%
2017-11-24,332.4,336,337,331.5,11.72M,-0.76%
2017-11-23,334.95,335.5,336.65,331.65,13.34M,-0.10%
2017-11-22,335.3,330.85,339.65,327,22.86M,1.41%
2017-11-21,330.65,335,335.4,330,14.19M,-0.71%
2017-11-20,333,337.1,337.15,331.25,13.51M,-1.33%
2017-11-17,337.5,345,346.7,336,26.52M,1.23%
2017-11-16,333.4,327.4,334.2,323.65,22.51M,2.60%
2017-11-15,324.95,328,331.15,322.25,17.39M,-1.26%
2017-11-14,329.1,330.35,334.7,327.5,25.65M,-0.59%
2017-11-13,331.05,336.75,344.8,329.75,38.78M,-0.75%
2017-11-10,333.55,315,338.5,309.5,82.99M,6.33%
2017-11-09,313.7,313.15,318,308.2,21.85M,1.34%
2017-11-08,309.55,318,319.3,306.65,20.24M,-2.41%
2017-11-07,317.2,328.95,331.7,315.5,21.88M,-3.59%
2017-11-06,329,323.6,330,321.45,17.14M,1.23%
2017-11-03,325,315.45,327.5,312.6,26.90M,3.39%
2017-11-02,314.35,320,323.15,313.55,23.11M,-1.72%
2017-11-01,319.85,309.4,321.45,309.4,34.91M,4.59%
2017-10-31,305.8,313,313.85,304.3,16.46M,-1.99%
2017-10-30,312,312,322.35,310.6,28.53M,0.31%
2017-10-27,311.05,320.25,323.6,310.1,27.58M,-2.95%
2017-10-26,320.5,330,351.3,317.5,112.80M,-1.35%
2017-10-25,324.9,279.85,328.05,279.85,262.68M,27.69%
2017-10-24,254.45,246,255.3,245.95,17.20M,3.46%
2017-10-23,245.95,244,247,242.3,8.90M,1.32%
2017-10-19,242.75,243.8,245.25,241.15,3.46M,-0.41%
2017-10-18,243.75,246,247.8,242.55,20.68M,-2.95%
2017-10-17,251.15,252.05,254.7,250.65,13.51M,-0.36%
2017-10-16,252.05,254.6,254.7,250.1,12.17M,-0.02%
2017-10-13,252.1,251.1,255.35,250.2,15.70M,0.36%
2017-10-12,251.2,252,252.95,248.5,13.40M,-0.22%
2017-10-11,251.75,257.15,258.45,250.45,14.19M,-2.02%
2017-10-10,256.95,256.85,258.2,255.7,9.74M,0.04%
2017-10-09,256.85,256.8,258.6,254.25,8.01M,0.04%
2017-10-06,256.75,252.15,257.9,252.1,11.93M,2.05%
2017-10-05,251.6,253.7,254.1,249.2,13.48M,-0.63%
2017-10-04,253.2,251.65,254.65,251.35,14.06M,0.76%
2017-10-03,251.3,256.4,256.4,250.6,10.55M,-1.00%
2017-09-29,253.85,254.7,255.5,253.05,10.07M,0.51%
2017-09-28,252.55,250.25,253.55,249.5,17.78M,0.86%
2017-09-27,250.4,259.9,259.9,249.5,17.08M,-3.04%
2017-09-26,258.25,258.5,259.65,256,11.73M,-0.19%
2017-09-25,258.75,261.5,261.8,254.4,13.94M,-1.18%
2017-09-22,261.85,267.25,267.4,261.1,12.86M,-2.48%
2017-09-21,268.5,269.75,271.4,267.35,8.51M,-0.57%
2017-09-20,270.05,268.15,272.05,267.45,12.36M,0.84%
2017-09-19,267.8,270.45,270.8,266.45,14.33M,-0.96%
2017-09-18,270.4,273,274,269.45,17.54M,-0.41%
2017-09-15,271.5,270.75,274.5,269.9,18.40M,-0.98%
2017-09-14,274.2,273.4,275.6,272.3,8.02M,0.29%
2017-09-13,273.4,274.95,276.6,272.5,10.15M,-0.02%
2017-09-12,273.45,272,275.65,270.5,8.38M,0.92%
2017-09-11,270.95,272.6,273.5,269.55,14.49M,-0.31%
2017-09-08,271.8,274.9,275.4,271.1,7.08M,-0.88%
2017-09-07,274.2,275.4,276.9,273.1,16.10M,-0.02%
2017-09-06,274.25,275.95,276.65,273.65,7.31M,-0.83%
2017-09-05,276.55,278.1,279.5,275.95,9.57M,-0.43%
2017-09-04,277.75,278.95,279.6,276.4,7.17M,-0.04%
2017-09-01,277.85,277.65,280.4,276.6,8.26M,0.04%
2017-08-31,277.75,276.85,279.5,274.2,14.22M,0.42%
2017-08-30,276.6,278,279.25,276,7.65M,-0.14%
2017-08-29,277,278.45,280.85,276.05,10.34M,-0.84%
2017-08-28,279.35,282.1,282.1,279,10.51M,-0.34%
2017-08-24,280.3,279.7,281.45,277.5,14.14M,0.47%
2017-08-23,279,274.75,279.7,274.2,11.32M,1.86%
2017-08-22,273.9,276,277,271.2,11.81M,-0.27%
2017-08-21,274.65,279,280.65,273.35,9.25M,-1.45%
2017-08-18,278.7,278,279.65,276,12.65M,-0.77%
2017-08-17,280.85,283.8,284.7,280,12.13M,-0.79%
2017-08-16,283.1,279.05,283.9,274.2,21.07M,1.76%
2017-08-14,278.2,281.45,282.4,276.5,23.77M,-0.70%
2017-08-11,280.15,294.5,303,277.45,67.65M,-5.58%
2017-08-10,296.7,301.2,302.4,292,14.52M,-1.85%
2017-08-09,302.3,302.75,307.45,300.1,15.85M,-0.44%
2017-08-08,303.65,311,311.8,301.2,13.58M,-2.43%
2017-08-07,311.2,305.8,311.8,305.15,11.42M,1.95%
2017-08-04,305.25,300.3,306.3,297.6,9.62M,1.56%
2017-08-03,300.55,307,307.4,299.1,14.46M,-2.32%
2017-08-02,307.7,310,311.8,305.3,17.01M,-0.42%
2017-08-01,309,314,314.8,307.95,14.89M,-1.12%
2017-07-31,312.5,299.4,313.85,298,41.55M,4.48%
2017-07-28,299.1,297,300.75,295.6,15.77M,0.25%
2017-07-27,298.35,297,299.85,296.2,22.29M,0.86%
2017-07-26,295.8,296.25,299.65,295.25,12.53M,-0.10%
2017-07-25,296.1,296,297.3,294.65,10.85M,0.53%
2017-07-24,294.55,290.8,296.3,290.7,11.20M,1.34%
2017-07-21,290.65,291.05,292.2,288.25,7.27M,-0.10%
2017-07-20,290.95,293,294.25,290.05,6.26M,-0.80%
2017-07-19,293.3,291.5,294,291.4,9.01M,0.79%
2017-07-18,291,291.85,296.4,290,11.91M,-0.68%
2017-07-17,293,292.8,294.1,289.65,10.55M,0.48%
2017-07-14,291.6,288.8,293.6,287.25,13.75M,0.99%
2017-07-13,288.75,288.9,290,286.55,8.43M,0.38%
2017-07-12,287.65,284.7,288.4,283.2,7.52M,1.45%
2017-07-11,283.55,287.5,289.7,283,12.40M,-0.70%
2017-07-10,285.55,300,300,280.85,2.17M,1.95%
2017-07-07,280.1,280.6,282.4,279.2,5.91M,-0.32%
2017-07-06,281,275.05,282.7,274.6,16.12M,2.22%
2017-07-05,274.9,273.9,275.6,272.35,10.05M,0.70%
2017-07-04,273,275,276.45,272.05,7.86M,-0.67%
2017-07-03,274.85,274.1,275.5,272.55,8.95M,0.44%
2017-06-30,273.65,272,274.75,269.7,12.24M,0.44%
2017-06-29,272.45,277.15,279.3,271.65,30.46M,-1.43%
2017-06-28,276.4,277.6,278.45,273.75,17.24M,-1.16%
2017-06-27,279.65,289.25,289.45,276.8,25.52M,-3.22%
2017-06-23,288.95,294.75,295.55,287.8,20.65M,-1.88%
2017-06-22,294.5,291.25,295.9,291.05,26.11M,1.24%
2017-06-21,290.9,288.25,292.45,288.25,10.54M,0.28%
2017-06-20,290.1,287.6,291,285.6,14.93M,0.43%
2017-06-19,288.85,286.6,289.85,285.3,14.85M,1.01%
2017-06-16,285.95,284.7,286.65,283.25,19.25M,0.69%
2017-06-15,284,283.85,285.8,281.35,11.93M,-0.07%
2017-06-14,284.2,285.9,286.3,282.6,11.57M,0.12%
2017-06-13,283.85,285.4,287,283,9.17M,-0.39%
2017-06-12,284.95,286.75,287,284.3,10.33M,-1.25%
2017-06-09,288.55,288.3,289.4,285.8,10.80M,-0.02%
2017-06-08,288.6,292,292,287.75,8.37M,-0.67%
2017-06-07,290.55,288.2,291.5,287.2,10.86M,1.13%
2017-06-06,287.3,292,292.95,286.6,12.35M,0.02%
2017-06-05,287.25,288.05,289.75,286.75,7.92M,0.07%
2017-06-02,287.05,289.9,290.5,286.35,12.00M,-0.14%
2017-06-01,287.45,287.95,291.4,284.6,12.19M,-0.29%
2017-05-31,288.3,289,291.5,287.2,10.70M,-0.19%
2017-05-30,288.85,283.4,289.75,281.05,9.64M,1.71%
2017-05-29,284,288.9,290.85,283.3,10.62M,-1.54%
2017-05-26,288.45,290.5,291,285.3,12.30M,-0.57%
2017-05-25,290.1,284.15,291.35,283.55,15.02M,2.45%
2017-05-24,283.15,290.05,290.45,281.65,16.44M,-1.97%
2017-05-23,288.85,295,295.9,287.25,19.85M,-1.85%
2017-05-22,294.3,308.95,309.4,293.2,35.77M,-4.45%
2017-05-19,308,304.45,315.3,302,55.25M,1.67%
2017-05-18,302.95,304.85,307.9,302,15.47M,-1.53%
2017-05-17,307.65,308,308.8,305.5,14.12M,0.05%
2017-05-16,307.5,302,308.4,299.35,17.53M,2.02%
2017-05-15,301.4,298.4,302,297.5,10.38M,1.17%
2017-05-12,297.9,300,302.6,296,13.38M,-0.07%
2017-05-11,298.1,295.9,299.4,294.45,11.93M,1.24%
2017-05-10,294.45,297,298.15,293,8.70M,-0.69%
2017-05-09,296.5,300.9,300.9,295.25,7.84M,-0.97%
2017-05-08,299.4,296.1,300.75,293.9,11.56M,1.15%
2017-05-05,296,301,304.9,292.15,34.76M,-1.02%
2017-05-04,299.05,294,300,293.1,24.53M,3.19%
2017-05-03,289.8,289.4,293.2,285.8,13.95M,0.52%
2017-05-02,288.3,290.25,292.5,287.1,9.75M,-0.50%
2017-04-28,289.75,283,290.75,282.5,14.15M,2.73%
2017-04-27,282.05,286.45,287.95,281.05,22.62M,-1.54%
2017-04-26,286.45,287.1,289.5,283.35,13.84M,0.14%
2017-04-25,286.05,287.5,288.8,285,11.53M,0.00%
2017-04-24,286.05,283.25,287.85,280.9,10.08M,1.36%
2017-04-21,282.2,287,287,279.25,12.04M,-0.91%
2017-04-20,284.8,283.9,286.9,282.2,14.51M,0.26%
2017-04-19,284.05,291.55,291.75,282.9,18.15M,-2.15%
2017-04-18,290.3,291.05,296.9,288.4,13.46M,0.14%
2017-04-17,289.9,291.1,292.75,288.5,8.15M,-0.57%
2017-04-13,291.55,290.25,293.1,290,9.94M,0.48%
2017-04-12,290.15,294,295.45,289.1,13.25M,-1.48%
2017-04-11,294.5,289.3,295.15,288.8,11.68M,1.78%
2017-04-10,289.35,289.8,290.35,286.55,10.31M,-0.03%
2017-04-07,289.45,291.7,294.8,287.65,10.77M,-1.16%
2017-04-06,292.85,295.45,297.55,291.45,18.41M,-1.51%
2017-04-05,297.35,293.3,298.75,289.65,21.94M,1.43%
2017-04-03,293.15,294.8,295.7,292.2,10.51M,-0.09%
2017-03-31,293.4,292,295,288.5,20.19M,0.81%
2017-03-30,291.05,289,293.75,288.85,19.68M,0.90%
2017-03-29,288.45,283.15,289.9,283.15,31.01M,2.25%
2017-03-28,282.1,280.65,282.9,278.5,18.67M,0.95%
2017-03-27,279.45,276,280.8,275.2,15.97M,1.07%
2017-03-24,276.5,269.5,278.95,268.65,20.13M,2.98%
2017-03-23,268.5,269,269.4,266.7,8.00M,0.37%
2017-03-22,267.5,270.3,271,266.8,9.89M,-1.78%
2017-03-21,272.35,274.4,277.05,270.15,11.90M,-0.57%
2017-03-20,273.9,274.75,274.75,271.8,9.68M,-0.09%
2017-03-17,274.15,279.45,279.5,273.5,14.27M,-1.84%
2017-03-16,279.3,278,280.2,276.05,18.01M,0.70%
2017-03-15,277.35,272.65,280.5,272.65,20.06M,0.98%
2017-03-14,274.65,278.4,278.4,273.8,15.73M,0.96%
2017-03-10,272.05,274.5,275.55,269.5,9.56M,-0.44%
2017-03-09,273.25,269,273.9,268.4,15.59M,1.24%
2017-03-08,269.9,267.8,270.3,266,9.12M,0.78%
2017-03-07,267.8,270.8,270.9,266.4,11.60M,-0.76%
2017-03-06,269.85,266.6,270.35,266.35,9.52M,1.81%
2017-03-03,265.05,266.25,268.9,264.25,10.12M,-0.84%
2017-03-02,267.3,273,274.7,266.5,14.22M,-1.64%
2017-03-01,271.75,270,273.3,269.8,7.66M,0.95%
2017-02-28,269.2,268.9,271.25,268,7.94M,0.35%
2017-02-27,268.25,270.8,271.45,267.6,9.65M,-0.81%
2017-02-23,270.45,271.7,273,269.6,13.15M,-0.68%
2017-02-22,272.3,271.9,274.7,269.5,12.62M,0.59%
2017-02-21,270.7,270,271.5,268.65,7.75M,0.39%
2017-02-20,269.65,269.9,271.55,268,9.23M,0.11%
2017-02-17,269.35,271.15,273.65,267.7,17.83M,-0.43%
2017-02-16,270.5,277,277,269.65,21.79M,0.58%
2017-02-15,268.95,270.95,272.5,267.05,12.20M,-0.46%
2017-02-14,270.2,272,273,268.1,13.31M,-0.53%
2017-02-13,271.65,277.8,278.25,270.2,19.85M,-1.70%
2017-02-10,276.35,278.75,282.8,275,37.58M,0.18%
2017-02-09,275.85,278.8,280.3,270.85,16.08M,-0.49%
2017-02-08,277.2,278.1,279.25,272.6,13.62M,-0.25%
2017-02-07,277.9,277.85,280,276.3,10.98M,0.31%
2017-02-06,277.05,280,282.5,276,14.73M,-0.18%
2017-02-03,277.55,273,278.55,272,15.37M,1.56%
2017-02-02,273.3,271.85,275,268.7,20.14M,0.96%
2017-02-01,270.7,262,271.9,261.6,27.25M,3.98%
2017-01-31,260.35,261.15,263.85,259.65,8.90M,-1.36%
2017-01-30,263.95,265.85,267.9,263.4,11.88M,-0.94%
2017-01-27,266.45,260.3,268.2,259.5,18.04M,2.80%
2017-01-25,259.2,255.55,261,254.2,16.34M,1.69%
2017-01-24,254.9,255.1,257,254,13.54M,0.30%
2017-01-23,254.15,251,255.2,250.1,9.34M,1.23%
2017-01-20,251.05,258.5,260.5,250.3,15.34M,-2.84%
2017-01-19,258.4,257.2,262,256.5,13.03M,0.02%
2017-01-18,258.35,257.1,259.3,256.6,8.05M,0.92%
2017-01-17,256,257.45,258.65,254.4,9.48M,0.10%
2017-01-16,255.75,251.05,256.4,250.7,13.23M,1.93%
2017-01-13,250.9,252,252.6,249.1,9.33M,-0.14%
2017-01-12,251.25,252.9,254.45,250.55,11.28M,-0.36%
2017-01-11,252.15,249.65,253.2,249,13.42M,1.55%
2017-01-10,248.3,247.7,249,246.4,9.35M,0.51%
2017-01-09,247.05,246.4,248.35,246,8.33M,0.47%
2017-01-06,245.9,246,249,245.5,12.35M,0.22%
2017-01-05,245.35,245,245.9,243.7,11.97M,1.01%
2017-01-04,242.9,245.8,246.4,242.2,11.23M,-0.82%
2017-01-03,244.9,244,246.4,241.1,15.96M,0.53%
2017-01-02,243.6,252.5,253.65,242.6,25.99M,-2.64%
2016-12-30,250.2,247.75,252.3,247.25,10.54M,1.03%
2016-12-29,247.65,247.65,248.85,245.5,10.66M,-0.04%
2016-12-28,247.75,249.25,252.5,247.15,11.75M,-0.40%
2016-12-27,248.75,244.6,249.95,243.1,8.76M,1.86%
2016-12-26,244.2,248,248.3,243.6,8.59M,-1.99%
2016-12-23,249.15,249.75,251.8,247.8,10.56M,-0.26%
2016-12-22,249.8,254.25,254.25,248.35,12.98M,-2.17%
2016-12-21,255.35,256.1,258,254.1,8.78M,0.31%
2016-12-20,254.55,261.85,262.9,253.25,12.77M,-2.60%
2016-12-19,261.35,263.35,264.5,260.85,8.37M,-1.28%
2016-12-16,264.75,266.35,266.35,263.05,11.02M,-0.24%
2016-12-15,265.4,259.9,267.5,259,12.27M,0.95%
2016-12-14,262.9,266,266.25,262.3,8.67M,-1.22%
2016-12-13,266.15,264.9,266.75,261.55,9.08M,0.95%
2016-12-12,263.65,268.9,269.35,262.3,14.30M,-1.13%
2016-12-09,266.65,260.8,267.2,258.8,16.00M,2.60%
2016-12-08,259.9,258.45,260.5,258.05,9.05M,1.68%
2016-12-07,255.6,260.35,262.75,251.65,22.19M,-1.35%
2016-12-06,259.1,258.5,260.15,256.35,10.05M,0.86%
2016-12-05,256.9,254.4,257.8,253.2,8.41M,1.10%
2016-12-02,254.1,253.95,261.4,253,21.14M,-0.61%
2016-12-01,255.65,259.65,261,254.65,12.99M,-1.05%
2016-11-30,258.35,254,260.15,252.7,16.50M,2.24%
2016-11-29,252.7,254.25,256.5,252,12.66M,-0.34%
2016-11-28,253.55,253.45,257.75,248,22.32M,-2.84%
2016-11-25,260.95,263.5,264.5,258.35,19.30M,-0.31%
2016-11-24,261.75,257.8,263,254.55,28.93M,1.20%
2016-11-23,258.65,259.8,260.35,254.75,16.19M,0.51%
2016-11-22,257.35,260.8,262.65,251.15,25.63M,0.00%
2016-11-21,257.35,277.15,277.6,255.85,26.00M,-6.69%
2016-11-18,275.8,278.15,280,274.85,13.39M,-0.59%
2016-11-17,277.45,278,282.2,275.6,19.50M,0.09%
2016-11-16,277.2,284,284.8,276.15,27.53M,-0.36%
2016-11-15,278.2,275.15,283.45,270.7,48.66M,1.90%
2016-11-11,273,278.75,288.8,270.5,57.94M,-2.95%
2016-11-10,281.3,267,284.2,265.25,50.23M,8.19%
2016-11-09,260,235,261.05,235,31.76M,2.91%
2016-11-08,252.65,253.7,254.1,248.65,9.37M,-0.02%
2016-11-07,252.7,248,253.9,245.5,11.22M,4.06%
2016-11-04,242.85,246.25,247.4,240.3,12.66M,-1.14%
2016-11-03,245.65,251.15,252.8,244.85,12.90M,-2.15%
2016-11-02,251.05,254.1,256,250.55,13.72M,-3.05%
2016-11-01,258.95,257,260.9,256.5,10.00M,0.52%
2016-10-30,257.6,258.9,260,256.6,2.11M,-0.16%
2016-10-28,258,255.9,258.8,254,11.43M,1.02%
2016-10-27,255.4,258,258.1,254.3,10.94M,-1.29%
2016-10-26,258.75,260.4,264.85,256.8,15.02M,-1.03%
2016-10-25,261.45,264,264.55,260.75,9.08M,-0.57%
2016-10-24,262.95,259.3,264.9,259.3,14.48M,1.72%
2016-10-21,258.5,259.75,259.75,256.1,8.83M,-0.65%
2016-10-20,260.2,255.7,260.9,255.3,14.18M,1.88%
2016-10-19,255.4,258,258,254.85,9.55M,-0.58%
2016-10-18,256.9,254.9,257.7,253.8,20.22M,1.46%
2016-10-17,253.2,253.75,256.45,252,16.87M,0.44%
2016-10-14,252.1,251,253.55,249.1,12.13M,0.98%
2016-10-13,249.65,254.95,255.35,245.85,18.05M,-2.71%
2016-10-10,256.6,259.35,260.3,256.05,9.40M,-0.81%
2016-10-07,258.7,257.25,259.9,255.25,11.93M,0.74%
2016-10-06,256.8,261.35,262,255.65,11.08M,-1.55%
2016-10-05,260.85,262,264.9,259.55,20.87M,0.42%
2016-10-04,259.75,255.8,262,253.8,21.53M,1.74%
2016-10-03,255.3,253,256.65,252.65,9.31M,1.61%
2016-09-30,251.25,246.85,252.5,245.8,14.83M,1.62%
2016-09-29,247.25,255,256.75,243.5,27.87M,-2.56%
2016-09-28,253.75,250,255.8,248.05,17.28M,1.91%
2016-09-27,249,253.15,253.9,248.3,11.35M,-1.05%
2016-09-26,251.65,253.95,254.45,250.65,8.80M,-1.14%
2016-09-23,254.55,258.8,258.8,253.8,12.73M,-1.30%
2016-09-22,257.9,257.9,258.45,255.1,20.80M,2.69%
2016-09-21,251.15,254.5,256.25,250.65,12.82M,-1.30%
2016-09-20,254.45,256.4,256.4,253.65,9.91M,-0.47%
2016-09-19,255.65,256,258.3,255.2,11.43M,0.53%
2016-09-16,254.3,257.95,262,253.4,18.01M,-0.66%
2016-09-15,256,258.35,258.35,254.2,7.78M,-0.60%
2016-09-14,257.55,255,258,253,12.75M,1.90%
2016-09-12,252.75,257.5,258.75,251.8,18.99M,-4.30%
2016-09-09,264.1,268.4,268.4,263.35,11.46M,-1.58%
2016-09-08,268.35,268,271.6,266.9,14.34M,0.58%
2016-09-07,266.8,262.9,270.3,260.4,30.86M,2.58%
2016-09-06,260.1,257.2,261.5,256,16.62M,2.16%
2016-09-02,254.6,252,255.2,251.65,11.38M,1.03%
2016-09-01,252,251.95,254.85,251.15,12.18M,-0.20%
2016-08-31,252.5,253.25,255.8,251.2,15.60M,0.10%
2016-08-30,252.25,250.15,252.9,249.8,15.32M,1.28%
2016-08-29,249.05,245.85,249.85,244.25,11.79M,0.99%
2016-08-26,246.6,250.3,250.7,245.85,16.53M,-1.42%
2016-08-25,250.15,254.9,255.55,248.6,21.23M,-1.67%
2016-08-24,254.4,254.95,256.2,253.5,11.56M,-0.14%
2016-08-23,254.75,254.9,255.8,251,17.58M,-0.02%
2016-08-22,254.8,259.8,260.4,254,19.77M,-1.43%
2016-08-19,258.5,255,260,253.5,39.82M,4.07%
2016-08-18,248.4,246.9,250.4,246.55,14.31M,0.87%
2016-08-17,246.25,246.45,249.8,244.3,18.29M,-0.20%
2016-08-16,246.75,245.25,247.9,242.65,27.71M,1.42%
2016-08-12,243.3,227,247.95,224.4,86.62M,7.11%
2016-08-11,227.15,231.5,231.6,226.1,16.67M,-1.88%
2016-08-10,231.5,236.75,236.9,231.05,16.28M,-1.55%
2016-08-09,235.15,234.25,238,232.65,19.85M,0.81%
2016-08-08,233.25,233.95,235.9,231.7,16.97M,0.21%
2016-08-05,232.75,227.35,233.9,226.9,21.26M,3.15%
2016-08-04,225.65,228.45,228.7,223.2,17.81M,-0.44%
2016-08-03,226.65,228.5,230.5,225.8,14.84M,-0.61%
2016-08-02,228.05,229.3,230.9,227.3,16.15M,0.33%
2016-08-01,227.3,230.8,232.65,225.3,16.07M,-0.92%
2016-07-29,229.4,230,232.7,228.4,15.58M,-0.69%
2016-07-28,231,230.15,235.15,229.3,26.84M,0.76%
2016-07-27,229.25,227.75,231,226.8,17.63M,1.12%
2016-07-26,226.7,230,232.2,225.9,14.16M,-1.39%
2016-07-25,229.9,223,231,222.7,18.43M,2.86%
2016-07-22,223.5,225.4,225.9,222.1,12.34M,-0.95%
2016-07-21,225.65,231.65,232.1,224.4,13.31M,-2.38%
2016-07-20,231.15,230.65,232.75,229.2,18.05M,0.68%
2016-07-19,229.6,230,232.15,227,19.77M,0.37%
2016-07-18,228.75,232.4,233.85,228.2,11.82M,-1.19%
2016-07-15,231.5,232.9,234.4,230.8,15.07M,-0.22%
2016-07-14,232,227,232.85,226,21.21M,1.89%
2016-07-13,227.7,227,228.5,223.95,18.38M,0.44%
2016-07-12,226.7,225,227.2,224.15,19.37M,0.89%
2016-07-11,224.7,223.6,225.45,222,15.83M,2.93%
2016-07-08,218.3,220.15,220.85,216.5,16.02M,-0.80%
2016-07-07,220.05,223.9,224.6,219.35,12.92M,-1.54%
2016-07-05,223.5,223.25,225.15,221.55,15.36M,0.22%
2016-07-04,223,222.35,224.35,222,16.53M,1.55%
2016-07-01,219.6,220.8,221,218.9,15.35M,0.37%
2016-06-30,218.8,220,221.9,217.9,30.60M,0.74%
2016-06-29,217.2,217.9,218.8,216.1,18.02M,0.60%
2016-06-28,215.9,216.75,218.65,215.4,21.78M,-0.58%
2016-06-27,217.15,210.8,218.85,210.55,29.02M,2.79%
2016-06-24,211.25,205.9,212.35,202.5,47.22M,-2.90%
2016-06-23,217.55,213,218,212.75,20.67M,2.18%
2016-06-22,212.9,214,215.25,211.45,16.40M,-0.51%
2016-06-21,214,215,217.5,213.15,18.96M,-0.88%
2016-06-20,215.9,208,216.7,207.9,32.63M,1.15%
2016-06-17,213.45,216.75,217.5,211.6,26.49M,-1.18%
2016-06-16,216,216,218.5,213.05,48.12M,-0.02%
2016-06-15,216.05,209.75,217.55,208.55,48.36M,4.02%
2016-06-14,207.7,204.35,208.6,203.8,23.92M,2.92%
2016-06-13,201.8,201.5,202.6,200.2,21.19M,-2.02%
2016-06-10,205.95,209.35,211.5,205.3,25.60M,-1.91%
2016-06-09,209.95,210,212.8,208.3,27.86M,-0.36%
2016-06-08,210.7,210.15,211.9,207.55,35.16M,0.26%
2016-06-07,210.15,200.45,211.15,200.15,66.06M,5.66%
2016-06-06,198.9,197.45,202.6,197.1,23.62M,1.17%
2016-06-03,196.6,201,202.15,195.4,24.57M,-1.97%
2016-06-02,200.55,197.85,202.3,195.55,23.50M,1.16%
2016-06-01,198.25,205.95,208.3,196.6,41.87M,-3.27%
2016-05-31,204.95,198.8,205.7,196.2,39.46M,3.07%
2016-05-30,198.85,200.2,203.9,194.6,46.08M,1.51%
2016-05-27,195.9,184,202.4,181.5,85.59M,6.38%
2016-05-26,184.15,175.1,185.5,173.5,30.70M,5.17%
2016-05-25,175.1,171.5,175.8,171.45,18.90M,3.30%
2016-05-24,169.5,168.8,170.4,166.4,14.82M,0.65%
2016-05-23,168.4,172.3,172.7,168.2,16.19M,-1.72%
2016-05-20,171.35,173.5,174.7,170.55,16.72M,-0.78%
2016-05-19,172.7,181,181,171.9,25.48M,-4.03%
2016-05-18,179.95,176.9,180.45,173.55,25.35M,1.75%
2016-05-17,176.85,178.5,178.6,175.25,22.18M,0.03%
2016-05-16,176.8,185,185,175.15,30.94M,-4.35%
2016-05-13,184.85,187.95,187.95,184.3,15.55M,-1.94%
2016-05-12,188.5,187.1,189.5,185.4,17.40M,1.89%
2016-05-11,185,185.4,188.5,184.1,18.13M,-2.37%
2016-05-10,189.5,187.6,190.3,186.7,13.85M,0.42%
2016-05-09,188.7,186.5,189.4,185.05,13.86M,2.36%
2016-05-06,184.35,180.95,184.95,180.1,18.34M,2.22%
2016-05-05,180.35,180.25,182.7,178.5,17.74M,0.22%
2016-05-04,179.95,183.5,184.4,179.15,17.83M,-2.23%
2016-05-03,184.05,187,189.35,183.65,16.25M,-1.05%
2016-05-02,186,187.6,188.45,185.5,14.47M,-1.59%
2016-04-29,189,191.9,194,186.45,21.02M,-1.59%
2016-04-28,192.05,196.75,198.2,191.2,24.56M,-2.09%
2016-04-27,196.15,200.9,200.9,195.5,22.80M,-2.39%
2016-04-26,200.95,195.95,201.4,194.55,21.81M,1.98%
2016-04-25,197.05,200.95,202.55,195.8,23.84M,-1.55%
2016-04-22,200.15,193.6,201.5,191.55,34.05M,2.98%
2016-04-21,194.35,190.5,197.4,190,31.01M,3.76%
2016-04-20,187.3,188.35,188.65,184.1,20.16M,0.29%
2016-04-18,186.75,191.45,191.5,185.6,13.99M,-2.68%
2016-04-13,191.9,191.55,193.8,190.8,17.57M,2.18%
2016-04-12,187.8,188.5,190.25,186.3,14.56M,-0.24%
2016-04-11,188.25,183.85,188.9,182,18.99M,2.81%
2016-04-08,183.1,181.65,183.95,180.2,15.81M,0.63%
2016-04-07,181.95,183.8,185.65,181,19.43M,-1.03%
2016-04-06,183.85,185,185.5,182.2,16.35M,-0.27%
2016-04-05,184.35,193.9,194.55,183.3,36.64M,-5.32%
2016-04-04,194.7,197.3,197.45,192.55,15.73M,-0.49%
2016-04-01,195.65,193.7,197.25,192,21.75M,0.72%
2016-03-31,194.25,197.85,198.75,192.35,30.13M,-1.67%
2016-03-30,197.55,192.25,198.3,190.5,20.71M,4.25%
2016-03-29,189.5,188.5,191.25,186.65,16.80M,0.64%
2016-03-28,188.3,195.8,198.25,187.65,19.76M,-4.22%
2016-03-23,196.6,196.9,197.6,195.3,13.36M,-0.46%
2016-03-22,197.5,196.8,198.25,194.5,16.73M,0.36%
2016-03-21,196.8,193,197.3,193,20.68M,2.90%
2016-03-18,191.25,186.85,192,186,21.14M,2.63%
2016-03-17,186.35,188,189.3,185,21.56M,0.62%
2016-03-16,185.2,185,185.9,181.6,19.24M,-0.05%
2016-03-15,185.3,181.65,186.2,181.65,22.37M,1.95%
2016-03-14,181.75,182.45,183.4,180.7,14.37M,0.92%
2016-03-11,180.1,180,182.65,177.55,21.87M,-0.22%
2016-03-10,180.5,184.75,184.75,179.4,20.47M,-1.58%
2016-03-09,183.4,180,184,178.7,29.45M,0.03%
2016-03-08,183.35,186.95,186.95,181.4,27.93M,-2.68%
2016-03-04,188.4,183.4,189.85,178.5,38.86M,3.09%
2016-03-03,182.75,184,184.6,178.5,33.51M,0.88%
2016-03-02,181.15,172.5,183.2,172.5,53.33M,11.79%
2016-03-01,162.05,160.5,162.9,158.55,23.59M,2.08%
2016-02-29,158.75,158.2,163.9,153,66.98M,1.83%
2016-02-26,155.9,155.5,158.7,152.55,30.05M,2.70%
2016-02-25,151.8,157.6,158.1,151,22.71M,-2.88%
2016-02-24,156.3,156,160.7,155.3,19.44M,-1.39%
2016-02-23,158.5,165,165,158,20.20M,-3.91%
2016-02-22,164.95,165.95,166.8,163.7,15.82M,0.15%
2016-02-19,164.7,157.9,165.3,157.1,24.59M,3.07%
2016-02-18,159.8,161.95,163.7,156.4,21.02M,0.53%
2016-02-17,158.95,155,159.85,151.25,32.45M,1.63%
2016-02-16,156.4,170.75,170.75,155.65,33.82M,-6.82%
2016-02-15,167.85,159,170,158,35.96M,8.43%
2016-02-12,154.8,156.15,157.65,148.25,41.19M,0.36%
2016-02-11,154.25,159.5,167.5,152.2,72.75M,-2.99%
2016-02-10,159,165,166.2,158,32.29M,-4.82%
2016-02-09,167.05,168,172.4,166.1,19.01M,-2.96%
2016-02-08,172.15,169.45,176.9,168.55,22.29M,2.35%
2016-02-05,168.2,163.7,169.3,162.2,22.73M,3.29%
2016-02-04,162.85,169.3,169.8,160.2,23.81M,-1.93%
2016-02-03,166.05,167.8,167.8,163.25,24.13M,-1.98%
2016-02-02,169.4,173.1,177.4,168.6,35.96M,-1.94%
2016-02-01,172.75,181.95,181.95,172.1,22.92M,-3.97%
2016-01-29,179.9,184.2,185.75,178.1,24.26M,-2.89%
2016-01-28,185.25,184.2,185.9,182.5,20.24M,0.46%
2016-01-27,184.4,184.4,186.2,181.05,16.57M,0.79%
2016-01-25,182.95,187.9,188.8,182.5,17.53M,-0.89%
2016-01-22,184.6,179.9,185.4,178.3,21.43M,5.13%
2016-01-21,175.6,177,178.65,172.05,28.70M,1.12%
2016-01-20,173.65,180.65,180.65,171.5,28.66M,-5.08%
2016-01-19,182.95,182.15,187.8,181.5,24.50M,1.08%
2016-01-18,181,184.9,188.15,179.15,35.65M,-1.79%
2016-01-15,184.3,197.8,197.8,181,29.09M,-5.99%
2016-01-14,196.05,197,201.5,194.3,20.26M,-2.41%
2016-01-13,200.9,201.35,202.4,194,23.79M,0.75%
2016-01-12,199.4,204.85,205,198.6,20.32M,-2.40%
2016-01-11,204.3,206.8,207.5,202.65,19.29M,-2.23%
2016-01-08,208.95,212,212.5,208.6,11.75M,-0.29%
2016-01-07,209.55,214,214.1,209,14.34M,-3.37%
2016-01-06,216.85,217.9,219.9,216.4,11.92M,-0.41%
2016-01-05,217.75,222.8,222.8,217,15.07M,-1.34%
2016-01-04,220.7,226.95,226.95,220.05,14.09M,-3.12%
2016-01-01,227.8,225,228.9,224.5,6.45M,1.49%
2015-12-31,224.45,225.95,226.55,224,11.56M,-0.60%
2015-12-30,225.8,229,229.7,224.85,11.70M,-1.05%
2015-12-29,228.2,228.85,229.95,227.5,7.26M,-0.31%
2015-12-28,228.9,229.05,229.95,228,8.76M,0.26%
2015-12-24,228.3,230.85,231,227.6,7.26M,-0.59%
2015-12-23,229.65,230.25,231,228.9,7.91M,0.57%
2015-12-22,228.35,231.65,232.25,227.5,9.16M,-0.91%
2015-12-21,230.45,226.9,231,226.5,9.56M,1.74%
2015-12-18,226.5,229.95,232.35,225.8,18.87M,-1.91%
2015-12-17,230.9,230,232.4,228.5,14.54M,1.58%
2015-12-16,227.3,227.75,229.6,225.25,13.03M,0.40%
2015-12-15,226.4,227,227.15,224,10.40M,0.20%
2015-12-14,225.95,224.9,227.7,224,12.46M,-0.59%
2015-12-11,227.3,232.9,233.9,225.1,12.87M,-2.00%
2015-12-10,231.95,236,236.75,230.6,11.71M,-1.05%
2015-12-09,234.4,235.4,238.2,233.6,7.41M,-0.66%
2015-12-08,235.95,238.1,239.95,235.3,8.25M,-1.13%
2015-12-07,238.65,242.95,242.95,238,7.53M,-1.02%
2015-12-04,241.1,240,242.15,238.05,11.12M,0.00%
2015-12-03,241.1,244.15,244.5,240.4,7.16M,-1.43%
2015-12-02,244.6,250.55,250.65,243.75,10.88M,-2.24%
2015-12-01,250.2,250.85,251.9,249.3,9.50M,0.00%
2015-11-30,250.2,249.65,253,245,12.87M,0.20%
2015-11-27,249.7,243,250.5,242.8,15.15M,2.97%
2015-11-26,242.5,241.95,244.9,241,13.63M,0.46%
2015-11-24,241.4,242.5,244,240.6,6.65M,-0.54%
2015-11-23,242.7,243.9,245.25,240.55,10.55M,-0.10%
2015-11-20,242.95,243.95,249.9,242,13.72M,-0.39%
2015-11-19,243.9,243.05,245,241.4,7.33M,1.20%
2015-11-18,241,247.6,248.7,239.45,10.40M,-2.76%
2015-11-17,247.85,250,251.65,246.7,11.27M,-0.18%
2015-11-16,248.3,239.5,249.35,239.1,14.05M,3.35%
2015-11-13,240.25,241.5,241.8,237.7,9.08M,-1.19%
2015-11-11,243.15,243,244.25,242.55,2.06M,0.81%
2015-11-10,241.2,244.9,247.25,240.1,11.77M,-1.99%
2015-11-09,246.1,236,248.3,235.6,22.81M,1.28%
2015-11-06,243,235.6,244.8,233,30.82M,3.89%
2015-11-05,233.9,238,239,233.1,8.91M,-2.13%
2015-11-04,239,239.2,240.5,237,8.42M,1.29%
2015-11-03,235.95,239.35,239.7,235,8.32M,-0.40%
2015-11-02,236.9,238,238,232.7,7.61M,-0.06%
2015-10-30,237.05,238.7,240.4,235.1,8.67M,0.04%
2015-10-29,236.95,241.5,241.8,236.45,16.11M,-2.11%
2015-10-28,242.05,248,249.45,241.2,12.31M,-2.71%
2015-10-27,248.8,250.1,252.2,248.1,6.57M,-0.98%
2015-10-26,251.25,254.75,256,250.35,13.09M,-0.85%
2015-10-23,253.4,253,254.85,252,7.54M,1.44%
2015-10-21,249.8,254,255.9,248.55,8.61M,-1.98%
2015-10-20,254.85,254.5,257.1,253.2,8.81M,0.14%
2015-10-19,254.5,256.65,257.1,253.5,8.97M,-0.14%
2015-10-16,254.85,249.85,257.15,248.35,11.74M,2.37%
2015-10-15,248.95,246,249.9,245.5,11.58M,1.92%
2015-10-14,244.25,243.7,246.8,243.2,7.90M,0.18%
2015-10-13,243.8,244,247.5,242.05,10.20M,-0.31%
2015-10-12,244.55,244.1,245.65,241.3,7.57M,0.45%
2015-10-09,243.45,245.5,247.8,240.65,12.17M,0.06%
2015-10-08,243.3,242.45,245.2,241.1,9.23M,-0.10%
2015-10-07,243.55,240.15,244.25,239.05,10.61M,1.44%
2015-10-06,240.1,242.7,242.8,237.7,10.09M,0.04%
2015-10-05,240,238.1,241.35,237.25,18.31M,2.06%
2015-10-01,235.15,241.2,241.9,234.4,11.59M,-0.84%
2015-09-30,237.15,244.85,245.4,235.7,17.01M,-1.96%
2015-09-29,241.9,236,245.4,232.2,24.49M,1.02%
2015-09-28,239.45,241,243.65,238.65,8.59M,0.17%
2015-09-24,239.05,239.45,241.45,238.05,9.30M,-0.33%
2015-09-23,239.85,235,241.9,233.6,13.61M,0.80%
2015-09-22,237.95,247.95,248.45,236.25,13.67M,-2.98%
2015-09-21,245.25,239.55,246,237.25,9.60M,1.34%
2015-09-18,242,240,246.45,239.5,16.05M,2.20%
2015-09-16,236.8,236.4,237.75,235,11.27M,1.20%
2015-09-15,234,235.2,238.45,232.65,13.19M,-0.53%
2015-09-14,235.25,231.55,236,230,10.67M,2.24%
2015-09-11,230.1,230.9,233.3,228,13.65M,1.17%
2015-09-10,227.45,227.35,229.8,224.1,14.20M,-1.81%
2015-09-09,231.65,233.95,234.5,229.1,18.24M,1.45%
2015-09-08,228.35,223,230.25,221.15,16.19M,3.28%
2015-09-07,221.1,227.1,227.5,220.15,15.42M,-1.80%
2015-09-04,225.15,231.9,231.9,224,20.47M,-3.06%
2015-09-03,232.25,232.65,235.4,231,14.68M,0.74%
2015-09-02,230.55,242.65,243,230.1,23.66M,-3.58%
2015-09-01,239.1,244.85,244.85,237.7,19.69M,-3.34%
2015-08-31,247.35,249,251.35,245,21.65M,-0.64%
2015-08-28,248.95,254.5,255.9,247.45,16.64M,-0.20%
2015-08-27,249.45,251.15,252,248.1,21.08M,1.53%
2015-08-26,245.7,252.5,253.3,245,16.33M,-3.02%
2015-08-25,253.35,250,254.8,240,23.49M,3.24%
2015-08-24,245.4,254.7,257.7,242.4,29.56M,-8.26%
2015-08-21,267.5,261.5,268.9,256.2,19.03M,-1.13%
2015-08-20,270.55,277.65,281.65,268,14.58M,-2.68%
2015-08-19,278,283.9,285.95,275.55,15.45M,-2.39%
2015-08-18,284.8,280.8,288,275.55,27.73M,1.81%
2015-08-17,279.75,272,281.9,270.8,27.50M,4.19%
2015-08-14,268.5,261.9,269.4,259.25,14.85M,3.55%
2015-08-13,259.3,259.75,262.85,258.15,16.36M,1.15%
2015-08-12,256.35,267.45,267.45,255.05,29.72M,-4.63%
2015-08-11,268.8,285.8,289.45,267.5,39.23M,-4.93%
2015-08-10,282.75,282.05,286,280.1,14.69M,0.52%
2015-08-07,281.3,288.5,288.5,280.2,13.85M,-2.68%
2015-08-06,289.05,285.6,290.8,282,15.37M,1.28%
2015-08-05,285.4,289.1,291.8,284.25,10.17M,-1.11%
2015-08-04,288.6,282.5,289.95,276.4,28.86M,2.69%
2015-08-03,281.05,270,283,269.9,21.90M,4.07%
2015-07-31,270.05,258,273.75,257.55,20.53M,5.16%
2015-07-30,256.8,253.6,259.5,253.6,10.54M,1.26%
2015-07-29,253.6,260,260.7,252.3,10.00M,-2.16%
2015-07-28,259.2,260.25,263.9,258.35,10.79M,0.29%
2015-07-27,258.45,263.2,263.4,258.05,6.79M,-1.82%
2015-07-24,263.25,268.7,270.35,262.1,7.80M,-2.52%
2015-07-23,270.05,268.5,272,267.25,6.38M,0.56%
2015-07-22,268.55,263.7,269.4,261.9,11.32M,1.61%
2015-07-21,264.3,267,269.8,263.5,5.64M,-1.18%
2015-07-20,267.45,272,272,266.15,6.42M,-1.35%
2015-07-17,271.1,272.4,274,270.5,5.57M,-0.40%
2015-07-16,272.2,269.75,272.75,268.1,8.35M,1.55%
2015-07-15,268.05,268.75,271.7,267.15,7.48M,-0.06%
2015-07-14,268.2,273.6,273.6,267.15,10.34M,-2.01%
2015-07-13,273.7,272,274.35,267.9,8.42M,1.16%
2015-07-10,270.55,270.25,271,266.25,8.79M,1.05%
2015-07-09,267.75,267,271.3,267,6.47M,0.15%
2015-07-08,267.35,269.9,271,265.6,12.67M,-2.03%
2015-07-07,272.9,270.4,274.65,270,12.52M,0.78%
2015-07-06,270.8,263.2,271.5,262,9.46M,0.52%
2015-07-03,269.4,267.35,270,266.8,7.24M,0.58%
2015-07-02,267.85,267.9,271.25,266.1,8.74M,0.04%
2015-07-01,267.75,263.1,269.5,262.55,12.07M,1.90%
2015-06-30,262.75,259.25,263.35,257.6,14.18M,1.19%
2015-06-29,259.65,258.75,260.8,255,15.04M,-2.09%
2015-06-26,265.2,264.1,266.9,261.05,14.59M,0.15%
2015-06-25,264.8,261.25,266,259.05,16.51M,0.93%
2015-06-24,262.35,267.7,267.9,260.5,8.36M,-2.02%
2015-06-23,267.75,269.4,271.2,266.25,16.18M,0.66%
2015-06-22,266,260.9,267.4,260.8,11.05M,2.25%
2015-06-19,260.15,259.9,263.1,258.15,12.22M,0.79%
2015-06-18,258.1,256.45,260.7,255.2,11.60M,1.18%
2015-06-17,255.1,256,256.9,253.5,11.24M,0.20%
2015-06-16,254.6,250.25,255.75,249,9.90M,1.74%
2015-06-15,250.25,255,255.6,248.85,13.55M,-1.46%
2015-06-12,253.95,254.05,255.5,251.8,11.44M,-0.02%
2015-06-11,254,262.25,262.95,252.65,20.86M,-2.53%
2015-06-10,260.6,259,262.55,258.5,10.91M,1.16%
2015-06-09,257.6,255,258.3,254,15.28M,1.04%
2015-06-08,254.95,258.75,258.75,252.55,17.38M,-1.11%
2015-06-05,257.8,257,262,255.6,13.54M,0.08%
2015-06-04,257.6,259.9,261.4,253.75,20.21M,0.08%
2015-06-03,257.4,267,267.3,255.05,25.97M,-3.32%
2015-06-02,266.25,278.8,279.45,265.35,21.65M,-4.30%
2015-06-01,278.2,278.65,282,277.55,11.57M,0.02%
2015-05-29,278.15,278.65,281.65,277.1,14.81M,0.20%
2015-05-28,277.6,279.8,279.8,276.1,13.02M,-1.12%
2015-05-27,280.75,277,281.6,274.2,12.18M,1.30%
2015-05-26,277.15,279,280.8,276,9.68M,-0.18%
2015-05-25,277.65,280.2,284.3,276.15,20.36M,-1.70%
2015-05-22,282.45,293,305,280.75,69.49M,-2.69%
2015-05-21,290.25,294,294.75,288.45,12.12M,-0.80%
2015-05-20,292.6,289.5,294.8,289.25,11.81M,1.44%
2015-05-19,288.45,289.2,291.35,286.2,14.54M,-0.45%
2015-05-18,289.75,289.9,290,285.4,13.27M,0.80%
2015-05-15,287.45,282,288.35,282,18.25M,2.31%
2015-05-14,280.95,274,281.9,272.95,13.10M,2.42%
2015-05-13,274.3,269.9,275,268.05,9.25M,2.58%
2015-05-12,267.4,275.3,275.4,266.35,12.79M,-3.13%
2015-05-11,276.05,263.4,277.2,262.6,17.20M,5.38%
2015-05-08,261.95,264,268,260.3,14.04M,0.38%
2015-05-07,260.95,264,267.25,259.65,15.96M,-1.68%
2015-05-06,265.4,271.45,273.6,263.25,16.34M,-2.44%
2015-05-05,272.05,277,277,271.35,7.10M,-1.84%
2015-05-04,277.15,274,278,271.65,8.01M,2.74%
2015-04-30,269.75,270.1,273.45,266.7,21.64M,-0.79%
2015-04-29,271.9,272.25,273.4,269.55,8.22M,-0.22%
2015-04-28,272.5,267,273.5,265.15,12.69M,2.04%
2015-04-27,267.05,276.55,276.55,266.1,12.39M,-3.08%
2015-04-24,275.55,278.35,279.6,274.35,10.05M,-0.76%
2015-04-23,277.65,285,287.4,276.25,13.87M,-2.18%
2015-04-22,283.85,290.55,293.25,275.4,17.74M,-1.85%
2015-04-21,289.2,287.4,292,281.75,15.49M,0.54%
2015-04-20,287.65,291,293.35,284.85,13.79M,-1.41%
2015-04-17,291.75,291,294.9,289.2,16.82M,-0.22%
2015-04-16,292.4,290.25,294.25,286.5,15.04M,0.83%
2015-04-15,290,287.4,294.45,285.95,17.29M,1.29%
2015-04-13,286.3,287.8,288.5,283.35,11.99M,0.19%
2015-04-10,285.75,281,287.35,280.05,16.88M,1.74%
2015-04-09,280.85,275,281.8,272.5,13.47M,2.54%
2015-04-08,273.9,271.9,277.35,271.85,9.91M,0.68%
2015-04-07,272.05,275.3,276.35,270.3,12.93M,-0.95%
2015-04-06,274.65,275.45,275.75,271.2,12.93M,0.44%
2015-04-01,273.45,266.65,274.65,263.15,12.38M,2.40%
2015-03-31,267.05,268.9,271.35,266,19.48M,-0.32%
2015-03-30,267.9,265.1,269.35,263.15,12.30M,1.63%
2015-03-27,263.6,259.85,264.95,256,19.42M,2.71%
2015-03-26,256.65,264.5,265.9,255.2,22.25M,-3.30%
2015-03-25,265.4,271.9,272.1,265,15.82M,-1.90%
2015-03-24,270.55,273.8,276.4,269,17.59M,-1.53%
2015-03-23,274.75,279.4,280,273.55,13.06M,-1.26%
2015-03-20,278.25,281.8,282.4,276.8,11.48M,-1.19%
2015-03-19,281.6,290,290.3,280.6,11.05M,-1.98%
2015-03-18,287.3,284.1,288.45,282,12.39M,1.48%
2015-03-17,283.1,283.9,284,279.5,11.35M,0.51%
2015-03-16,281.65,281.5,283.85,280,15.13M,0.32%
2015-03-13,280.75,290,291.05,280,13.41M,-2.13%
2015-03-12,286.85,288.15,289.45,286.1,9.97M,0.60%
2015-03-11,285.15,288.55,290.9,283.75,16.33M,-0.85%
2015-03-10,287.6,290.75,293.25,285.1,14.06M,-1.05%
2015-03-09,290.65,292,294,288.7,13.20M,-1.07%
2015-03-05,293.8,294.75,296.25,289.75,16.80M,-0.02%
2015-03-04,293.85,314,315,292,38.67M,-2.89%
2015-03-03,302.6,303.5,305.4,299.7,14.39M,0.20%
2015-03-02,302,305.9,305.9,296.7,15.09M,0.12%
2015-02-28,301.65,304.95,306.4,295.1,25.01M,0.58%
2015-02-27,299.9,291.25,301,290.1,18.32M,3.63%
2015-02-26,289.4,297,297,288.05,18.71M,-2.08%
2015-02-25,295.55,299,300.65,295,12.85M,-0.24%
2015-02-24,296.25,296.9,299,292.1,15.05M,-0.10%
2015-02-23,296.55,303.2,304.6,294.4,12.44M,-1.90%
2015-02-20,302.3,301.9,306.5,297.05,15.79M,-0.02%
2015-02-19,302.35,306.1,307.3,296.8,17.76M,-1.10%
2015-02-18,305.7,306.8,307.9,302,13.47M,-0.33%
2015-02-16,306.7,310.6,313.15,304.7,21.37M,-0.08%
2015-02-13,306.95,288,307.95,285.35,70.54M,7.97%
2015-02-12,284.3,288.9,289,278.3,20.96M,-0.58%
2015-02-11,285.95,290.8,293.5,283.7,17.37M,-0.47%
2015-02-10,287.3,277.5,290.8,275.7,22.59M,2.79%
2015-02-09,279.5,289.5,292.8,278,17.09M,-3.72%
2015-02-06,290.3,291,294.85,285.7,15.99M,-0.17%
2015-02-05,290.8,293.15,297.8,289.2,15.72M,-0.77%
2015-02-04,293.05,302.7,302.95,291.9,21.48M,-2.41%
2015-02-03,300.3,312,312,299.05,23.74M,-2.34%
2015-02-02,307.5,309.5,311.9,305.1,17.64M,-0.47%
2015-01-30,308.95,328.7,330.5,307,30.25M,-5.52%
2015-01-29,327,332.8,333.6,325.1,14.91M,-2.27%
2015-01-28,334.6,330.4,336,328.2,19.43M,1.38%
2015-01-27,330.05,329.4,332.15,322.6,13.73M,0.79%
2015-01-23,327.45,328.25,332.55,324.65,17.13M,0.86%
2015-01-22,324.65,326.9,327.6,321.8,12.23M,-0.48%
2015-01-21,326.2,319.9,327.6,319,22.62M,2.53%
2015-01-20,318.15,314,319.8,314,13.10M,1.60%
2015-01-19,313.15,316.55,317.95,312.5,9.98M,-0.73%
2015-01-16,315.45,320,320.3,313.1,21.60M,-1.51%
2015-01-15,320.3,319.9,323.7,314,30.73M,5.12%
2015-01-14,304.7,304,307,302.25,8.86M,-0.13%
2015-01-13,305.1,308.15,310.75,304.15,9.48M,-0.65%
2015-01-12,307.1,304.15,307.8,301.1,8.54M,1.29%
2015-01-09,303.2,306.7,307.85,302,11.95M,-0.54%
2015-01-08,304.85,305,306.5,302.35,8.94M,1.57%
2015-01-07,300.15,300,302.55,295.15,15.05M,0.08%
2015-01-06,299.9,310,311.1,298.7,15.33M,-4.11%
2015-01-05,312.75,316.25,316.8,312.1,9.14M,-0.79%
2015-01-02,315.25,314.35,318.3,314.35,9.94M,0.40%
2015-01-01,314,312.45,315,310.7,6.14M,0.69%
